,name,id,image,current_team_logo,current_team_color,birth_country_name,passport_country_names,current_team_name,market_value,total_matches,minutes_on_field,last_club_name,positions,age,contract_expires,goals,xg_shot,assists,xg_assist,duels_avg,duels_won,foot,height,weight,on_loan,successful_defensive_actions_avg,defensive_duels_avg,defensive_duels_won,aerial_duels_avg,aerial_duels_won,tackle_avg,possession_adjusted_tackle,shot_block_avg,interceptions_avg,possession_adjusted_interceptions,fouls_avg,yellow_cards,yellow_cards_avg,red_cards,red_cards_avg,successful_attacking_actions_avg,goals_avg,non_penalty_goal,non_penalty_goal_avg,xg_shot_avg,head_goals,head_goals_avg,shots,shots_avg,shots_on_target_percent,goal_conversion_percent,assists_avg,crosses_avg,accurate_crosses_percent,cross_from_left_avg,successful_cross_from_left_percent,cross_from_right_avg,successful_cross_from_right_percent,cross_to_goalie_box_avg,dribbles_avg,successful_dribbles_percent,offensive_duels_avg,offensive_duels_won,touch_in_box_avg,progressive_run_avg,accelerations_avg,received_pass_avg,received_long_pass_avg,foul_suffered_avg,passes_avg,accurate_passes_percent,forward_passes_avg,successful_forward_passes_percent,back_passes_avg,successful_back_passes_percent,vertical_passes_avg,successful_vertical_passes_percent,short_medium_pass_avg,accurate_short_medium_pass_percent,long_passes_avg,successful_long_passes_percent,average_pass_length,average_long_pass_length,xg_assist_avg,shot_assists_avg,pre_assist_avg,pre_pre_assist_avg,smart_passes_avg,accurate_smart_passes_percent,key_passes_avg,passes_to_final_third_avg,accurate_passes_to_final_third_percent,pass_to_penalty_area_avg,accurate_pass_to_penalty_area_percent,through_passes_avg,successful_through_passes_percent,deep_completed_pass_avg,deep_completed_cross_avg,progressive_pass_avg,successful_progressive_pass_percent,conceded_goals,conceded_goals_avg,shots_against,shots_against_avg,clean_sheets,save_percent,xg_save,xg_save_avg,prevented_goals,prevented_goals_avg,back_pass_to_gk_avg,goalkeeper_exits_avg,gk_aerial_duels_avg,free_kicks_taken_avg,direct_free_kicks_taken_avg,direct_free_kicks_on_target_percent,corners_taken_avg,penalties_taken,penalties_conversion_percent
0,L. Richards,-356807,https://cdn5.wyscout.com/reports-img/photo-not-found.png,https://cdn5.wyscout.com/photos/team/public/g4813_120x120.png,000000,Wales,['Wales'],Gloucester City,0,3,90,Gloucester City,"['CB', 'RCB']",22.0,,0,0.19,0,0.0,15.0,66.67,unknown,0,0,False,11.0,4.0,75.0,10.0,60.0,0.0,0.0,5.0,8.0,8.89,1.0,1,1.0,0,0.0,1.0,0.0,0,0.0,0.19,0,0.0,1,1.0,100.0,0.0,0.0,0.0,0.0,0.0,0.0,0.0,0.0,0.0,0.0,0.0,1.0,100.0,1.0,1.0,0.0,1.0,0.0,1.0,18.0,61.11,12.0,50.0,2.0,100.0,3.0,66.67,11.0,72.73,7.0,42.86,29.37,37.55,0.0,0.0,0.0,0.0,0.0,0.0,0.0,7.0,71.43,0.0,0.0,0.0,0.0,0.0,0.0,11.0,54.55,0,,0,,0,0.0,0.0,0.0,,,2.0,,,0.0,0.0,0.0,0.0,0,0.0
1,F. Tapp,468724,https://cdn5.wyscout.com/photos/players/public/g468724_100x130.png,https://cdn5.wyscout.com/photos/team/public/g4806_120x120.png,000000,England,['England'],Banbury United,0,4,244,Banbury United,"['DMF', 'RCB', 'RCB3']",24.0,,0,0.38,0,0.0,15.86,41.86,right,184,79,False,8.48,4.43,58.33,4.43,41.67,1.11,1.67,0.0,4.8,7.22,0.74,1,0.37,0,0.0,0.37,0.0,0,0.0,0.14,0,0.0,1,0.37,100.0,0.0,0.0,0.37,0.0,0.37,0.0,0.0,0.0,0.0,0.37,0.0,1.84,0.0,1.11,0.37,0.0,16.97,0.37,0.37,36.89,65.0,20.66,69.64,3.32,66.67,11.8,59.38,27.3,70.27,9.22,52.0,27.56,47.87,0.0,0.0,0.0,0.0,0.0,0.0,0.0,11.07,56.67,0.37,100.0,0.0,0.0,0.37,0.0,11.8,68.75,0,,0,,0,0.0,0.0,0.0,,,0.0,,,0.0,0.0,0.0,0.0,0,0.0
2,M. Parker,-533722,https://cdn5.wyscout.com/photos/players/public/g-533722_100x130.png,https://cdn5.wyscout.com/photos/team/public/g4771_120x120.png,000000,England,['England'],Bishop's Stortford,0,2,135,Bishop's Stortford,"['LCB', 'RCB']",25.0,,0,0.0,0,0.0,11.33,47.06,right,188,0,False,9.33,4.0,66.67,4.0,16.67,0.0,0.0,0.0,6.67,10.34,2.0,0,0.0,0,0.0,0.0,0.0,0,0.0,0.0,0,0.0,0,0.0,0.0,0.0,0.0,0.0,0.0,0.0,0.0,0.0,0.0,0.0,0.0,0.0,0.67,100.0,0.0,0.67,0.0,32.67,0.67,0.0,47.33,87.32,19.33,75.86,1.33,100.0,22.0,96.97,44.67,88.06,2.67,75.0,20.39,23.16,0.0,0.0,0.0,0.0,0.0,0.0,0.0,3.33,60.0,0.0,0.0,0.0,0.0,0.0,0.0,8.0,58.33,0,,0,,0,0.0,0.0,0.0,,,1.33,,,0.0,0.0,0.0,0.0,0,0.0
3,N. Tunchatchawan,-536028,https://cdn5.wyscout.com/reports-img/photo-not-found.png,https://cdn5.wyscout.com/photos/team/public/g25837_120x120.png,000000,England,['England'],Farsley Celtic FC,0,1,98,Farsley Celtic FC,"['LCB', 'LCB3']",19.0,,0,0.0,1,0.0,12.86,35.71,,0,0,False,10.1,4.59,40.0,7.35,25.0,0.0,0.0,0.0,8.27,10.38,1.84,0,0.0,0,0.0,0.0,0.0,0,0.0,0.0,0,0.0,0,0.0,0.0,0.0,0.92,0.0,0.0,0.0,0.0,0.0,0.0,0.0,0.0,0.0,0.0,0.0,0.0,0.0,0.0,9.18,0.0,0.0,19.29,66.67,8.27,33.33,2.76,100.0,7.35,87.5,15.61,82.35,3.67,0.0,25.09,47.38,0.0,0.0,0.0,0.0,0.0,0.0,0.0,5.51,33.33,0.92,0.0,0.0,0.0,0.0,0.0,2.76,0.0,0,,0,,0,0.0,0.0,0.0,,,2.76,,,0.0,0.0,0.0,0.0,0,0.0
4,J. Leckie,-138641,https://cdn5.wyscout.com/reports-img/photo-not-found.png,https://cdn5.wyscout.com/photos/team/public/g25837_120x120.png,000000,England,['England'],Farsley Celtic FC,0,6,596,Farsley Celtic FC,['RCB3'],20.0,2024-06-30,0,0.0,0,0.07,17.67,46.15,,0,0,False,9.21,6.64,50.0,4.98,57.58,0.0,0.0,0.45,5.89,9.21,1.66,2,0.3,0,0.0,0.15,0.0,0,0.0,0.0,0,0.0,0,0.0,0.0,0.0,0.0,0.3,50.0,0.0,0.0,0.3,50.0,0.0,0.0,0.0,0.91,33.33,0.0,0.15,0.0,12.08,0.3,0.15,28.69,66.84,19.03,59.52,3.32,90.91,3.93,84.62,17.21,77.19,11.17,51.35,28.72,43.25,0.01,0.15,0.0,0.0,0.0,0.0,0.15,9.51,47.62,1.81,58.33,1.06,42.86,0.91,0.15,9.36,74.19,0,,0,,0,0.0,0.0,0.0,,,2.57,,,0.0,0.0,0.0,0.0,0,0.0
5,H. Craven,-543215,https://cdn5.wyscout.com/reports-img/photo-not-found.png,https://cdn5.wyscout.com/photos/team/public/g4931_120x120.png,000000,England,['England'],Rushall Olympic,0,1,98,Rushall Olympic,"['RCB', 'CB']",26.0,,0,0.0,0,0.0,23.88,57.69,,0,0,False,6.43,5.51,50.0,12.86,78.57,0.0,0.0,0.0,3.67,5.0,0.92,0,0.0,0,0.0,0.0,0.0,0,0.0,0.0,0,0.0,0,0.0,0.0,0.0,0.0,0.0,0.0,0.0,0.0,0.0,0.0,0.0,0.92,0.0,1.84,0.0,0.0,0.0,0.0,22.04,0.0,0.92,35.82,89.74,14.69,81.25,2.76,100.0,18.37,95.0,32.14,94.29,3.67,50.0,22.07,31.69,0.0,0.92,0.0,0.0,0.0,0.0,0.0,3.67,50.0,0.0,0.0,0.92,0.0,0.0,0.0,1.84,100.0,0,,0,,0,0.0,0.0,0.0,,,2.76,,,0.0,0.0,0.0,0.0,0,0.0
6,T. Edge,441236,https://cdn5.wyscout.com/reports-img/photo-not-found.png,https://cdn5.wyscout.com/photos/team/public/g737_120x120.png,000000,England,['England'],Boston United,0,9,471,Boston United,"['RCB', 'RCMF']",25.0,,0,0.4,0,0.0,17.77,50.54,right,183,0,False,6.88,4.59,62.5,6.31,51.52,0.19,0.31,0.38,3.82,6.12,0.38,1,0.19,0,0.0,1.53,0.0,0,0.0,0.08,0,0.0,5,0.96,40.0,0.0,0.0,0.19,0.0,0.19,0.0,0.0,0.0,0.0,1.91,60.0,3.25,41.18,0.57,1.53,0.38,26.18,0.0,0.19,43.18,78.76,17.77,67.74,4.39,86.96,15.1,89.87,34.39,88.89,8.6,40.0,20.03,36.58,0.0,0.0,0.0,0.0,0.0,0.0,0.0,9.17,62.5,0.96,20.0,0.76,0.0,0.19,0.0,7.64,72.5,0,,0,,0,0.0,0.0,0.0,,,0.57,,,0.19,0.0,0.0,0.0,0,0.0
7,A. Gudger,-469584,https://cdn5.wyscout.com/reports-img/photo-not-found.png,https://cdn5.wyscout.com/photos/team/public/g4922_120x120.png,FF0000,England,['England'],Brackley Town,0,16,1542,Brackley Town,"['LCB3', 'LCB']",31.0,,1,1.2,0,0.13,14.88,57.25,left,183,0,False,7.3,3.56,63.93,7.18,58.54,0.35,0.5,0.12,4.67,6.7,0.93,3,0.18,0,0.0,0.41,0.06,1,0.06,0.07,0,0.0,9,0.53,44.44,11.111,0.0,0.06,0.0,0.06,0.0,0.0,0.0,0.0,0.18,100.0,1.17,40.0,0.64,0.18,0.0,15.18,0.41,0.93,28.13,74.07,15.23,62.07,2.74,91.49,8.11,89.93,21.42,85.01,6.65,39.47,25.23,40.83,0.01,0.12,0.0,0.0,0.06,0.0,0.06,5.25,42.22,0.7,0.0,0.29,0.0,0.06,0.0,7.24,63.71,0,,0,,0,0.0,0.0,0.0,,,2.1,,,0.0,0.0,0.0,0.0,0,0.0
8,T. Lees,481164,https://cdn5.wyscout.com/reports-img/photo-not-found.png,https://cdn5.wyscout.com/photos/team/public/g24446_120x120.png,000000,England,['England'],Darlington 1883,0,40,3830,Darlington 1883,"['RCB', 'RCB3']",27.0,2025-06-30,2,1.8,0,0.06,18.4,64.24,,0,0,False,11.21,6.46,77.45,7.59,59.75,0.26,0.37,0.89,5.95,8.59,0.47,2,0.05,0,0.0,0.38,0.05,2,0.05,0.04,2,0.05,16,0.38,37.5,12.5,0.0,0.14,66.67,0.05,100.0,0.09,50.0,0.02,0.23,60.0,1.17,34.0,0.45,1.74,0.21,24.91,0.54,0.54,42.44,77.85,20.84,64.04,2.23,100.0,15.93,91.59,32.36,87.8,9.96,45.75,24.23,40.05,0.0,0.09,0.02,0.02,0.05,0.0,0.0,8.04,50.0,0.7,36.67,0.63,37.04,0.23,0.09,9.8,65.95,0,,0,,0,0.0,0.0,0.0,,,1.53,,,0.02,0.0,0.0,0.0,0,0.0
9,K. Callan-McFadden,213948,https://cdn5.wyscout.com/photos/players/public/g213948_100x130.png,https://cdn5.wyscout.com/photos/team/public/g20251_120x120.png,000000,Republic of Ireland,['Republic of Ireland'],King's Lynn Town,0,44,4221,King's Lynn Town,"['LCB3', 'RCB3']",29.0,2025-06-30,2,2.84,0,0.21,18.29,57.23,right,183,86,False,10.66,6.52,63.73,8.04,57.29,0.26,0.35,0.72,6.25,8.43,0.98,7,0.15,0,0.0,0.15,0.04,2,0.04,0.06,2,0.04,12,0.26,41.67,16.667,0.0,0.02,0.0,0.02,0.0,0.0,0.0,0.0,0.09,50.0,0.62,34.48,0.45,0.38,0.06,16.42,0.36,0.53,30.36,77.53,16.57,68.6,1.75,87.8,9.62,92.24,24.18,85.45,6.16,46.71,23.2,38.06,0.0,0.04,0.0,0.0,0.04,0.0,0.02,4.37,53.66,0.45,14.29,0.43,20.0,0.15,0.0,7.55,56.78,0,,0,,0,0.0,0.0,0.0,,,1.13,,,0.0,0.0,0.0,0.0,0,0.0
10,P. Downing,81654,https://cdn5.wyscout.com/photos/players/public/40646_100x130.png,https://cdn5.wyscout.com/photos/team/public/g35055_120x120.png,000000,England,['England'],Hereford FC,0,27,2594,Hereford FC,"['LCB', 'CB']",32.0,2024-06-30,1,1.01,0,0.0,16.69,66.11,right,185,79,False,9.26,5.17,77.18,7.63,63.18,0.24,0.35,0.52,5.03,7.3,0.21,5,0.17,0,0.0,0.45,0.03,1,0.03,0.04,0,0.0,12,0.42,41.67,8.333,0.0,0.14,25.0,0.1,0.0,0.03,100.0,0.03,0.35,60.0,1.04,53.33,0.56,1.14,0.03,21.48,0.1,0.49,42.12,81.22,21.16,71.97,2.85,93.9,14.61,92.16,32.68,87.26,9.3,60.82,23.64,41.36,0.0,0.0,0.03,0.03,0.07,50.0,0.0,7.77,66.07,0.94,37.04,0.59,47.06,0.28,0.03,10.76,70.32,0,,0,,0,0.0,0.0,0.0,,,2.05,,,0.0,0.0,0.0,0.0,0,0.0
11,W. Thornton,457977,https://cdn5.wyscout.com/photos/players/public/g457977_100x130.png,https://cdn5.wyscout.com/photos/team/public/g21882_120x120.png,000000,England,['England'],Scarborough Athletic,0,43,4217,Scarborough Athletic,"['LCB', 'RCB']",26.0,2024-06-30,1,2.41,0,1.0,23.52,64.34,right,0,0,False,10.63,7.94,76.08,7.36,61.74,0.09,0.13,0.36,4.5,6.62,0.66,8,0.17,1,0.02,0.3,0.02,1,0.02,0.05,1,0.02,19,0.41,26.32,5.263,0.0,0.02,0.0,0.0,0.0,0.02,0.0,0.0,0.34,56.25,2.37,36.04,0.85,0.11,0.0,9.6,0.38,0.98,25.89,74.11,13.74,63.04,1.71,93.75,7.94,90.05,21.17,80.14,4.7,47.27,22.33,39.19,0.02,0.09,0.02,0.0,0.02,0.0,0.11,3.67,50.58,0.36,41.18,0.17,25.0,0.28,0.0,6.96,57.06,0,,0,,0,0.0,0.0,0.0,,,1.43,,,0.0,0.0,0.0,0.0,0,0.0
12,B. Gooda,502613,https://cdn5.wyscout.com/reports-img/photo-not-found.png,https://cdn5.wyscout.com/photos/team/public/g21882_120x120.png,000000,England,['England'],Scarborough Athletic,0,43,3778,Scarborough Athletic,"['RCB', 'RCB3']",27.0,,0,1.62,1,0.29,17.53,61.55,,0,0,False,9.34,4.96,76.44,7.77,64.42,0.17,0.24,0.57,5.38,7.61,0.67,3,0.07,0,0.0,0.21,0.0,0,0.0,0.04,0,0.0,13,0.31,46.15,0.0,0.02,0.07,33.33,0.0,0.0,0.07,33.33,0.02,0.1,50.0,1.5,17.46,0.57,0.36,0.02,11.67,0.48,0.38,29.33,71.89,15.53,57.06,3.64,96.08,8.29,89.66,22.01,80.09,7.27,47.21,23.82,38.03,0.01,0.05,0.0,0.0,0.02,0.0,0.02,6.22,48.28,0.74,9.68,0.48,25.0,0.07,0.02,8.15,66.08,0,,0,,0,0.0,0.0,0.0,,,2.72,,,0.0,0.0,0.0,0.0,0,0.0
13,B. Nicholson,-227252,https://cdn5.wyscout.com/reports-img/photo-not-found.png,https://cdn5.wyscout.com/photos/team/public/g737_120x120.png,000000,England,['England'],Boston United,0,43,4054,Boston United,"['LB', 'LCB', 'LCB3']",25.0,2024-06-30,2,5.26,1,2.3,21.58,56.48,left,0,0,False,9.17,6.84,58.44,7.17,64.09,0.4,0.62,0.2,4.77,7.41,1.18,6,0.13,1,0.02,2.11,0.04,2,0.04,0.12,0,0.0,37,0.82,29.73,5.405,0.02,1.62,39.73,1.55,38.57,0.04,100.0,0.31,1.84,63.86,3.91,43.18,1.07,0.8,0.16,21.6,0.87,0.44,35.68,69.2,19.07,57.16,3.69,94.58,9.01,81.53,26.13,80.03,8.01,39.06,23.76,40.78,0.05,0.6,0.04,0.02,0.09,50.0,0.18,7.13,44.55,2.18,38.78,0.64,24.14,0.4,0.64,9.55,64.19,0,,0,,0,0.0,0.0,0.0,,,1.2,,,0.11,0.07,33.33,0.11,0,0.0
14,T. Leak,-148881,https://cdn5.wyscout.com/photos/players/public/g-148881_100x130.png,https://cdn5.wyscout.com/photos/team/public/g737_120x120.png,000000,England,['England'],Boston United,0,29,2668,Boston United,['LCB'],23.0,2024-06-30,3,2.46,0,0.3,15.15,50.11,left,188,80,False,8.47,4.52,61.94,7.93,47.23,0.3,0.45,0.67,5.36,7.99,0.64,5,0.17,0,0.0,0.13,0.1,3,0.1,0.08,1,0.03,13,0.44,23.08,23.077,0.0,0.1,0.0,0.07,0.0,0.03,0.0,0.0,0.1,33.33,0.54,31.25,0.64,0.74,0.03,19.6,0.2,0.3,34.41,77.55,17.54,64.62,1.79,92.45,12.45,93.5,26.58,86.04,7.72,49.34,23.84,37.66,0.01,0.1,0.0,0.0,0.03,0.0,0.0,5.6,48.19,0.51,13.33,0.24,28.57,0.03,0.0,8.26,63.67,0,,0,,0,0.0,0.0,0.0,,,1.11,,,0.03,0.0,0.0,0.0,0,0.0
15,Z. Lilly,-60591,https://cdn5.wyscout.com/reports-img/photo-not-found.png,https://cdn5.wyscout.com/photos/team/public/g4922_120x120.png,FF0000,England,['England'],Brackley Town,0,38,3582,Brackley Town,"['LCB3', 'RCB3']",25.0,,5,3.86,0,0.58,19.4,64.9,,0,0,False,10.75,6.28,75.6,7.16,66.32,0.43,0.62,0.43,5.58,8.12,0.8,6,0.15,0,0.0,0.93,0.13,5,0.13,0.1,2,0.05,40,1.01,27.5,12.5,0.0,0.15,33.33,0.03,0.0,0.1,25.0,0.03,0.85,67.65,2.49,48.48,1.08,1.06,0.23,15.63,0.45,0.53,33.09,73.2,17.79,60.88,1.83,86.3,10.93,91.26,24.92,82.66,8.04,44.38,25.81,42.11,0.01,0.08,0.03,0.0,0.05,50.0,0.0,7.34,49.32,0.6,37.5,0.13,80.0,0.25,0.05,9.05,61.39,0,,0,,0,0.0,0.0,0.0,,,0.73,,,0.1,0.0,0.0,0.0,0,0.0
16,Z. Mills,138706,https://cdn5.wyscout.com/photos/players/public/g138706_100x130.png,https://cdn5.wyscout.com/photos/team/public/g737_120x120.png,000000,England,['England'],Boston United,0,32,2663,Boston United,"['RB', 'LCB', 'RCB3']",31.0,2024-06-30,0,0.32,3,2.15,15.21,52.22,right,183,83,False,7.37,4.8,59.86,2.94,52.87,0.51,0.77,0.54,3.99,6.02,0.91,7,0.24,0,0.0,2.26,0.0,0,0.0,0.01,0,0.0,6,0.2,33.33,0.0,0.1,1.72,31.37,0.03,0.0,1.59,31.91,0.27,2.47,64.38,4.77,48.94,0.54,1.12,0.41,20.08,0.68,0.91,35.49,74.86,16.39,65.77,3.58,95.28,10.85,84.11,28.76,82.96,5.04,42.95,21.75,35.05,0.07,0.51,0.03,0.0,0.14,50.0,0.34,7.0,55.56,1.89,48.21,0.41,16.67,0.34,0.57,9.23,72.89,0,,0,,0,0.0,0.0,0.0,,,1.15,,,0.03,0.0,0.0,0.07,0,0.0
17,A. Gudger,201408,https://cdn5.wyscout.com/photos/players/public/g201408_100x130.png,https://cdn5.wyscout.com/photos/team/public/g4922_120x120.png,FF0000,England,['England'],Brackley Town,0,21,1947,Brackley Town,"['LCB3', 'LCB', 'CB']",31.0,,1,1.21,0,0.13,15.07,54.91,left,183,80,False,7.16,3.47,65.33,7.44,52.17,0.37,0.52,0.18,4.53,6.36,0.83,3,0.14,0,0.0,0.37,0.05,1,0.05,0.06,0,0.0,11,0.51,36.36,9.091,0.0,0.14,33.33,0.14,33.33,0.0,0.0,0.0,0.14,100.0,0.97,42.86,0.6,0.18,0.0,15.3,0.32,0.88,28.34,73.57,14.79,61.25,2.82,91.8,8.6,89.25,21.86,83.72,6.33,39.42,25.43,41.58,0.01,0.09,0.0,0.05,0.05,0.0,0.09,5.04,39.45,0.69,6.67,0.28,0.0,0.05,0.05,7.21,61.54,0,,0,,0,0.0,0.0,0.0,,,2.17,,,0.0,0.0,0.0,0.0,0,0.0
18,T. Lyttle,412888,https://cdn5.wyscout.com/photos/players/public/g412888_100x130.png,https://cdn5.wyscout.com/photos/team/public/g4922_120x120.png,FF0000,England,['England'],Brackley Town,0,38,3360,Brackley Town,"['RCB3', 'RWB', 'RB']",27.0,,2,2.38,5,6.61,14.52,56.27,right,171,74,False,7.63,5.06,65.61,3.21,57.5,0.32,0.45,0.19,3.99,5.64,0.51,2,0.05,0,0.0,2.81,0.05,2,0.05,0.06,0,0.0,47,1.26,25.53,4.255,0.13,3.7,39.86,0.21,75.0,3.48,37.69,0.54,1.47,69.09,3.19,52.1,1.21,1.55,0.54,17.57,0.56,0.56,30.48,72.14,13.74,65.3,4.63,95.38,7.98,75.17,21.13,84.66,5.79,45.37,22.39,38.16,0.18,1.13,0.05,0.05,0.03,0.0,0.51,5.79,59.26,3.11,47.41,0.46,29.41,0.27,1.5,7.87,72.45,0,,0,,0,0.0,0.0,0.0,,,1.04,,,1.07,0.29,45.45,1.29,0,0.0
19,G. Carline,469738,https://cdn5.wyscout.com/reports-img/photo-not-found.png,https://cdn5.wyscout.com/photos/team/public/g4922_120x120.png,FF0000,England,['England'],Brackley Town,0,38,3188,Brackley Town,"['RWB', 'RCB3', 'CB']",31.0,,4,2.73,2,1.78,28.85,54.7,right,185,74,False,10.59,6.24,73.76,13.64,55.69,0.37,0.54,0.23,5.62,8.33,0.51,2,0.06,0,0.0,0.96,0.11,4,0.11,0.08,3,0.08,22,0.62,31.82,18.182,0.06,1.27,44.44,0.31,45.45,0.93,42.42,0.11,0.48,41.18,2.79,33.33,0.93,0.65,0.2,19.0,0.93,0.85,37.94,73.14,20.33,63.89,3.02,92.52,9.63,82.4,29.67,82.3,7.06,40.0,20.55,33.51,0.05,0.9,0.06,0.06,0.03,0.0,0.28,7.54,52.06,2.09,39.19,0.37,15.38,0.42,0.51,9.57,71.98,0,,0,,0,0.0,0.0,0.0,,,0.68,,,0.03,0.0,0.0,0.03,0,0.0
20,R. McAuley,-558797,https://cdn5.wyscout.com/reports-img/photo-not-found.png,https://cdn5.wyscout.com/photos/team/public/g34054_120x120.png,000000,Northern Ireland,['Northern Ireland'],Peterborough Sports,0,6,490,Peterborough Sports,['CB'],,,0,0.04,0,0.0,15.43,65.48,,0,0,False,7.9,5.51,60.0,6.43,77.14,0.73,1.05,0.55,3.86,5.53,1.29,2,0.37,0,0.0,0.18,0.0,0,0.0,0.01,0,0.0,1,0.18,100.0,0.0,0.0,0.0,0.0,0.0,0.0,0.0,0.0,0.0,0.0,0.0,1.29,71.43,0.18,0.37,0.0,12.31,0.37,0.92,27.55,73.33,17.08,62.37,1.1,100.0,7.35,97.5,21.31,83.62,6.24,38.24,24.8,39.51,0.0,0.0,0.0,0.0,0.0,0.0,0.0,6.24,38.24,0.18,0.0,0.18,0.0,0.0,0.0,8.08,59.09,0,,0,,0,0.0,0.0,0.0,,,1.1,,,0.0,0.0,0.0,0.0,0,0.0
21,M. Keegan,-503247,https://cdn5.wyscout.com/reports-img/photo-not-found.png,https://cdn5.wyscout.com/photos/team/public/330_120x120.png,0000ff,England,['England'],Scunthorpe United,0,1,106,Scunthorpe United,['RCB'],,,0,0.0,0,0.0,17.83,47.62,,0,0,False,6.79,4.25,80.0,11.04,38.46,0.0,0.0,0.85,3.4,5.22,0.0,0,0.0,0,0.0,0.0,0.0,0,0.0,0.0,0,0.0,0,0.0,0.0,0.0,0.0,0.0,0.0,0.0,0.0,0.0,0.0,0.0,0.0,0.0,0.85,100.0,0.0,0.0,0.0,12.74,0.0,0.85,18.68,86.36,9.34,72.73,2.55,100.0,6.79,100.0,13.58,100.0,5.09,50.0,27.35,44.86,0.0,0.0,0.0,0.0,0.0,0.0,0.0,4.25,40.0,0.85,0.0,0.85,0.0,0.0,0.0,3.4,100.0,0,,0,,0,0.0,0.0,0.0,,,2.55,,,0.0,0.0,0.0,0.0,0,0.0
22,D. Adewoju,-247351,https://cdn5.wyscout.com/photos/players/public/g-247351_100x130.png,https://cdn5.wyscout.com/photos/team/public/g25837_120x120.png,000000,England,['England'],Farsley Celtic FC,0,6,349,Farsley Celtic FC,"['LCB3', 'LB', 'LCB']",20.0,,0,0.0,0,0.0,23.21,53.33,unknown,193,0,False,12.64,10.06,71.79,5.93,65.22,0.0,0.0,0.0,5.42,8.87,1.55,1,0.26,0,0.0,0.26,0.0,0,0.0,0.0,0,0.0,0,0.0,0.0,0.0,0.0,0.52,0.0,0.52,0.0,0.0,0.0,0.26,0.77,33.33,4.38,17.65,0.26,0.77,0.26,10.06,0.26,0.26,26.3,66.67,14.7,57.89,2.84,90.91,4.9,89.47,18.83,72.6,6.96,55.56,22.17,28.9,0.0,0.0,0.0,0.0,0.0,0.0,0.0,5.42,42.86,0.52,0.0,0.26,0.0,0.0,0.0,7.74,60.0,0,,0,,0,0.0,0.0,0.0,,,1.03,,,0.0,0.0,0.0,0.0,0,0.0
23,C. Wise,-298108,https://cdn5.wyscout.com/reports-img/photo-not-found.png,https://cdn5.wyscout.com/photos/team/public/g4806_120x120.png,000000,England,['England'],Banbury United,0,2,19,Banbury United,"['RCB', 'CF']",28.0,,0,0.0,0,0.0,,,,0,0,False,,,,,,,0.0,,,15.0,,0,,0,,,,0,,,0,,0,,,0.0,,,,,,,,,,,,,,,,,,,,,,,,,,,,,,,12.95,16.42,,,,,,,,,,,,,,,,,,0,,0,,0,0.0,0.0,,,,,,,,,,,0,0.0
24,L. Dolman,51047,https://cdn5.wyscout.com/photos/players/public/g51047_100x130.png,https://cdn5.wyscout.com/photos/team/public/2751_120x120.png,000000,England,['England'],Tamworth,0,24,2191,Tamworth,['LCB'],36.0,2024-06-30,1,1.16,1,0.77,12.73,60.65,right,188,0,False,5.75,3.16,74.03,5.79,59.57,0.16,0.23,0.33,3.25,4.6,0.49,5,0.21,0,0.0,0.29,0.04,1,0.04,0.05,1,0.04,12,0.49,33.33,8.333,0.04,0.04,100.0,0.04,100.0,0.0,0.0,0.04,0.08,100.0,0.29,57.14,0.66,0.16,0.0,4.85,0.21,0.21,17.42,73.82,9.57,62.66,1.48,91.67,4.97,90.08,12.28,82.61,5.09,52.42,24.55,40.05,0.03,0.21,0.0,0.0,0.0,0.0,0.08,3.45,48.81,0.37,33.33,0.33,12.5,0.21,0.04,4.72,63.48,0,,0,,0,0.0,0.0,0.0,,,1.19,,,0.0,0.0,0.0,0.0,0,0.0
25,C. Waller,-469365,https://cdn5.wyscout.com/reports-img/photo-not-found.png,https://cdn5.wyscout.com/photos/team/public/g4806_120x120.png,000000,England,['England'],Banbury United,0,11,1090,Banbury United,"['LCB', 'CB', 'LCB3']",19.0,,1,0.87,0,0.0,20.15,59.43,,0,0,False,12.47,6.69,77.78,7.93,54.17,0.17,0.23,0.41,7.1,10.0,0.58,2,0.17,0,0.0,0.58,0.08,1,0.08,0.07,0,0.0,6,0.5,66.67,16.667,0.0,0.0,0.0,0.0,0.0,0.0,0.0,0.0,0.66,37.5,2.39,27.59,0.66,1.49,0.83,13.62,0.17,0.99,31.29,63.85,17.09,49.28,1.07,76.92,10.4,88.89,22.79,76.09,8.5,31.07,23.76,37.21,0.0,0.0,0.08,0.08,0.0,0.0,0.0,5.2,34.92,0.33,50.0,0.08,0.0,0.25,0.0,8.75,37.74,0,,0,,0,0.0,0.0,0.0,,,0.66,,,0.0,0.0,0.0,0.0,0,0.0
26,M. Derricott,-380567,https://cdn5.wyscout.com/reports-img/photo-not-found.png,https://cdn5.wyscout.com/photos/team/public/g35055_120x120.png,000000,England,['England'],Hereford FC,0,2,111,Hereford FC,"['RCB', 'LCB']",20.0,,0,0.0,0,0.0,10.54,46.15,,0,0,False,6.49,2.43,33.33,3.24,25.0,0.0,0.0,0.81,5.68,6.77,2.43,0,0.0,0,0.0,0.81,0.0,0,0.0,0.0,0,0.0,0,0.0,0.0,0.0,0.0,0.0,0.0,0.0,0.0,0.0,0.0,0.0,0.81,100.0,2.43,66.67,0.0,0.81,0.0,0.81,0.0,0.81,9.73,58.33,8.11,60.0,0.0,0.0,0.81,100.0,5.68,71.43,4.05,40.0,26.87,20.23,0.0,0.0,0.0,0.0,0.0,0.0,0.0,4.05,40.0,0.0,0.0,0.0,0.0,0.0,0.0,4.05,60.0,0,,0,,0,0.0,0.0,0.0,,,0.0,,,0.0,0.0,0.0,0.0,0,0.0
27,J. Bainbridge,458110,https://cdn5.wyscout.com/photos/players/public/g458110_100x130.png,https://cdn5.wyscout.com/photos/team/public/2749_120x120.png,000000,England,['England'],Southport,0,19,1236,Southport,"['LCMF', 'RCMF', 'LCB3']",25.0,2024-06-30,3,2.21,0,0.08,20.24,55.76,right,183,0,False,7.86,5.83,63.75,5.68,66.67,0.44,0.6,0.36,3.71,5.07,1.17,2,0.15,0,0.0,1.24,0.22,3,0.22,0.16,1,0.07,15,1.09,46.67,20.0,0.0,0.8,18.18,0.22,0.0,0.51,28.57,0.22,1.24,47.06,4.08,41.07,1.89,1.02,0.22,11.65,0.8,0.87,24.47,72.32,10.63,62.33,4.0,94.55,5.53,76.32,20.75,77.89,2.91,47.5,17.7,26.61,0.01,0.15,0.0,0.0,0.07,0.0,0.07,4.88,59.7,1.17,25.0,0.22,33.33,0.22,0.22,4.81,63.64,0,,0,,0,0.0,0.0,0.0,,,0.51,,,0.0,0.0,0.0,0.07,0,0.0
28,B. Richards-Everton,201317,https://cdn5.wyscout.com/photos/players/public/g201317_100x130.png,https://cdn5.wyscout.com/photos/team/public/g4813_120x120.png,000000,England,['England'],Gloucester City,0,23,2283,Gloucester City,['LCB'],32.0,2024-06-30,0,0.33,0,0.0,16.75,56.94,left,193,89,False,8.59,4.49,69.3,7.06,64.25,0.35,0.46,0.59,5.12,6.68,0.67,2,0.08,0,0.0,0.2,0.0,0,0.0,0.01,0,0.0,3,0.12,0.0,0.0,0.0,0.0,0.0,0.0,0.0,0.0,0.0,0.0,0.39,50.0,2.52,25.0,0.43,0.12,0.08,13.68,0.16,0.24,28.15,73.81,15.18,60.0,2.17,96.36,8.28,92.86,20.74,84.6,7.41,43.62,24.19,40.22,0.0,0.0,0.0,0.04,0.0,0.0,0.0,4.85,39.02,0.39,10.0,0.28,57.14,0.16,0.0,6.82,56.07,0,,0,,0,0.0,0.0,0.0,,,1.81,,,0.0,0.0,0.0,0.0,0,0.0
29,T. Hamilton,-51561,https://cdn5.wyscout.com/reports-img/photo-not-found.png,https://cdn5.wyscout.com/photos/team/public/g4931_120x120.png,000000,England,['England'],Rushall Olympic,0,15,631,Banbury United,"['CF', 'LCB', 'RAMF']",24.0,,0,0.62,0,0.23,27.1,35.26,,0,0,False,5.13,4.42,67.74,5.28,27.03,0.14,0.22,0.14,2.0,3.07,1.85,1,0.14,0,0.0,1.85,0.0,0,0.0,0.09,0,0.0,9,1.28,33.33,0.0,0.0,0.86,16.67,0.14,100.0,0.71,0.0,0.0,2.71,47.37,10.27,27.78,2.42,1.0,0.14,11.7,1.71,1.0,15.55,79.82,4.71,63.64,4.99,91.43,3.14,86.36,13.55,89.47,1.14,12.5,15.98,9.1,0.03,0.29,0.0,0.0,0.0,0.0,0.14,1.14,25.0,0.71,40.0,0.0,0.0,0.14,0.14,1.0,71.43,0,,0,,0,0.0,0.0,0.0,,,0.43,,,0.14,0.14,0.0,0.0,0,0.0
30,J. Sukar,428916,https://cdn5.wyscout.com/reports-img/photo-not-found.png,https://cdn5.wyscout.com/photos/team/public/g24446_120x120.png,000000,England,['England'],Darlington 1883,0,15,1295,Scarborough Athletic,"['LCB3', 'LCB', 'LB']",27.0,2024-06-30,0,0.01,0,0.15,15.01,61.57,left,181,0,False,8.34,5.42,75.64,3.54,58.82,0.28,0.39,0.42,3.96,5.57,0.49,0,0.0,1,0.07,0.76,0.0,0,0.0,0.0,0,0.0,2,0.14,0.0,0.0,0.0,0.69,30.0,0.69,30.0,0.0,0.0,0.21,0.83,66.67,2.5,47.22,0.28,0.69,0.14,24.53,0.97,1.04,38.29,73.5,22.17,62.7,4.38,92.06,8.76,86.51,27.52,87.63,10.15,38.36,25.37,41.49,0.01,0.21,0.0,0.0,0.07,0.0,0.07,10.15,45.89,1.39,40.0,0.42,33.33,0.35,0.35,10.36,70.47,0,,0,,0,0.0,0.0,0.0,,,1.53,,,0.07,0.0,0.0,0.0,0,0.0
31,M. Ram,-284374,https://cdn5.wyscout.com/photos/players/public/g-284374_100x130.png,https://cdn5.wyscout.com/photos/team/public/3702_120x120.png,000000,England,['England'],Alfreton Town,0,22,1979,Alfreton Town,"['RCB', 'RB', 'LCB']",23.0,,0,0.41,0,0.15,20.46,56.89,right,191,0,False,9.69,7.69,68.05,6.96,50.98,0.27,0.36,0.59,4.18,5.53,1.23,8,0.36,0,0.0,0.68,0.0,0,0.0,0.02,0,0.0,6,0.27,16.67,0.0,0.0,0.41,33.33,0.0,0.0,0.41,33.33,0.0,0.64,78.57,2.05,51.11,0.18,0.55,0.14,14.19,0.55,0.96,27.83,73.86,13.05,57.49,3.82,97.62,8.96,89.85,21.6,84.63,5.82,36.72,23.26,40.0,0.01,0.09,0.0,0.0,0.0,0.0,0.05,4.18,41.3,0.73,18.75,0.36,12.5,0.05,0.14,5.87,51.16,0,,0,,0,0.0,0.0,0.0,,,2.87,,,0.0,0.0,0.0,0.0,0,0.0
32,D. Morse,399069,https://cdn5.wyscout.com/photos/players/public/g399069_100x130.png,https://cdn5.wyscout.com/photos/team/public/g21855_120x120.png,000000,England,['England'],South Shields,0,21,1801,South Shields,"['RCB', 'RCB3', 'LCB']",29.0,2024-06-30,1,0.52,0,0.3,15.74,62.86,,0,0,False,8.55,4.95,77.78,5.7,55.26,0.45,0.72,0.75,4.25,6.82,0.5,2,0.1,0,0.0,0.15,0.05,1,0.05,0.03,1,0.05,2,0.1,100.0,50.0,0.0,0.05,100.0,0.0,0.0,0.05,100.0,0.0,0.05,0.0,1.25,44.0,0.35,0.75,0.0,30.28,0.45,0.7,46.67,83.73,20.49,70.49,3.15,96.83,17.94,95.54,38.83,89.45,7.8,55.13,21.56,39.84,0.01,0.15,0.05,0.0,0.0,0.0,0.1,6.0,60.83,0.5,40.0,0.9,33.33,0.2,0.05,8.8,67.05,0,,0,,0,0.0,0.0,0.0,,,2.05,,,0.05,0.0,0.0,0.0,0,0.0
33,N. Kight Perciual,-573589,https://cdn5.wyscout.com/reports-img/photo-not-found.png,https://cdn5.wyscout.com/photos/team/public/2751_120x120.png,000000,,[],Tamworth,0,3,300,Tamworth,['LCB'],,,0,1.03,0,0.02,15.61,64.71,,0,0,False,5.05,4.13,77.78,6.89,60.0,0.0,0.0,0.0,1.84,3.43,0.46,0,0.0,0,0.0,0.46,0.0,0,0.0,0.47,0,0.0,2,0.92,0.0,0.0,0.0,0.46,0.0,0.0,0.0,0.46,0.0,0.46,0.46,100.0,1.38,33.33,2.3,0.46,0.0,5.05,0.0,0.92,18.83,58.54,11.48,36.0,1.38,100.0,5.05,90.91,13.78,73.33,4.59,20.0,23.28,44.04,0.01,0.46,0.0,0.0,0.0,0.0,0.0,3.21,14.29,0.92,0.0,0.0,0.0,0.46,0.46,6.43,28.57,0,,0,,0,0.0,0.0,0.0,,,0.92,,,0.0,0.0,0.0,0.0,0,0.0
34,J. Curtis,34489,https://cdn5.wyscout.com/photos/players/public/64790_100x130.png,https://cdn5.wyscout.com/photos/team/public/g23906_120x120.png,000000,England,['England'],Spennymoor Town,0,8,579,Spennymoor Town,"['RCB', 'RCB3', 'CB']",42.0,2024-06-30,0,0.25,0,0.2,13.99,58.89,right,196,0,False,8.86,5.6,61.11,4.97,62.5,0.62,0.86,0.31,4.82,6.69,0.78,1,0.16,0,0.0,0.16,0.0,0,0.0,0.04,0,0.0,2,0.31,0.0,0.0,0.0,0.0,0.0,0.0,0.0,0.0,0.0,0.0,0.16,100.0,0.78,40.0,0.47,0.0,0.0,26.27,0.78,0.47,43.06,85.92,20.21,76.15,1.55,90.0,18.34,95.76,37.93,90.98,5.13,48.48,25.16,34.43,0.03,0.16,0.0,0.0,0.0,0.0,0.0,4.35,60.71,0.31,0.0,0.62,50.0,0.16,0.0,8.7,73.21,0,,0,,0,0.0,0.0,0.0,,,1.24,,,0.0,0.0,0.0,0.0,0,0.0
35,G. Liddle,50925,https://cdn5.wyscout.com/photos/players/public/33300_100x130.png,https://cdn5.wyscout.com/photos/team/public/g23906_120x120.png,000000,England,['England'],Spennymoor Town,0,29,2875,Spennymoor Town,['RCB'],37.0,2024-06-30,0,0.05,1,0.01,14.18,62.25,right,185,79,False,9.33,4.98,75.47,6.29,56.72,0.38,0.62,0.97,5.2,8.51,0.31,3,0.09,0,0.0,0.13,0.0,0,0.0,0.0,0,0.0,1,0.03,0.0,0.0,0.03,0.13,75.0,0.03,0.0,0.09,100.0,0.0,0.09,0.0,0.85,51.85,0.22,1.31,0.16,32.53,0.44,0.56,50.78,89.77,20.38,80.8,2.94,96.81,22.48,97.35,44.48,93.95,6.2,60.1,22.25,42.91,0.0,0.03,0.0,0.0,0.06,50.0,0.0,4.76,67.11,0.47,33.33,0.16,20.0,0.06,0.09,8.3,69.81,0,,0,,0,0.0,0.0,0.0,,,1.97,,,0.0,0.0,0.0,0.0,0,0.0
36,M. Ledger,452160,https://cdn5.wyscout.com/photos/players/public/g452160_100x130.png,https://cdn5.wyscout.com/photos/team/public/g23906_120x120.png,000000,England,['England'],Spennymoor Town,0,29,2284,Spennymoor Town,"['RB', 'LCB3']",26.0,2024-06-30,0,0.28,1,0.05,15.76,59.0,right,186,77,False,9.97,7.64,63.4,4.45,55.75,0.32,0.43,0.47,4.81,6.54,0.51,5,0.2,0,0.0,0.35,0.0,0,0.0,0.01,0,0.0,2,0.08,50.0,0.0,0.04,0.43,27.27,0.04,0.0,0.39,30.0,0.04,0.32,62.5,1.06,51.85,0.08,0.67,0.16,18.01,0.32,0.28,32.23,77.38,15.6,65.91,3.74,94.74,8.24,88.52,25.77,83.94,6.07,53.25,20.55,33.2,0.0,0.04,0.0,0.0,0.0,0.0,0.04,5.67,53.47,1.06,44.44,0.79,45.0,0.35,0.16,8.71,67.87,0,,0,,0,0.0,0.0,0.0,,,1.02,,,0.0,0.0,0.0,0.0,0,0.0
37,B. Pollock,465451,https://cdn5.wyscout.com/reports-img/photo-not-found.png,https://cdn5.wyscout.com/photos/team/public/g23906_120x120.png,000000,England,['England'],Spennymoor Town,0,39,3652,Spennymoor Town,"['LCB', 'CB']",26.0,2024-06-30,3,3.42,3,1.5,19.1,68.9,right,183,88,False,10.67,5.96,78.1,9.0,72.33,0.76,1.05,0.71,5.25,7.24,0.64,4,0.1,1,0.02,0.39,0.07,3,0.07,0.08,1,0.02,17,0.42,35.29,17.647,0.07,0.07,66.67,0.07,66.67,0.0,0.0,0.02,0.32,53.85,1.38,41.07,0.64,0.81,0.35,19.62,0.12,0.52,36.23,82.31,17.77,70.87,1.87,96.05,13.68,95.14,29.94,88.56,6.21,52.38,22.46,38.12,0.04,0.1,0.0,0.0,0.02,100.0,0.07,4.63,53.19,0.44,33.33,0.3,25.0,0.17,0.02,7.59,66.23,0,,0,,0,0.0,0.0,0.0,,,1.4,,,0.02,0.0,0.0,0.0,0,0.0
38,R. Staunton,521380,https://cdn5.wyscout.com/photos/players/public/g521380_100x130.png,https://cdn5.wyscout.com/photos/team/public/g23906_120x120.png,000000,England,"['England', 'Republic of Ireland']",Spennymoor Town,0,42,3831,Spennymoor Town,"['LB', 'LCB3']",22.0,2024-06-30,2,1.51,3,4.96,24.53,58.05,left,183,0,False,10.97,8.32,64.69,6.11,69.23,0.23,0.32,0.33,5.36,7.21,0.82,5,0.12,0,0.0,3.45,0.05,2,0.05,0.04,0,0.0,15,0.35,40.0,13.333,0.07,3.43,34.93,3.36,34.27,0.05,50.0,0.7,3.64,57.42,6.6,46.98,0.49,2.23,0.52,28.9,1.17,0.92,46.07,66.7,23.02,54.59,5.22,93.69,13.18,77.01,31.06,79.58,11.77,41.52,25.83,42.22,0.12,0.78,0.07,0.07,0.12,20.0,0.47,10.67,47.36,3.99,40.59,1.1,25.53,0.49,1.29,13.56,64.64,0,,0,,0,0.0,0.0,0.0,,,1.15,,,0.28,0.07,66.67,0.49,0,0.0
39,R. McAuley,83308,https://cdn5.wyscout.com/reports-img/photo-not-found.png,https://cdn5.wyscout.com/photos/team/public/g34054_120x120.png,000000,England,['England'],Peterborough Sports,0,11,1076,Peterborough Sports,['CB'],34.0,,0,1.22,0,0.0,17.82,62.44,right,178,0,False,10.12,6.02,65.28,6.78,67.9,0.33,0.53,0.33,5.86,9.33,1.34,2,0.17,0,0.0,0.59,0.0,0,0.0,0.1,0,0.0,5,0.42,40.0,0.0,0.0,0.25,66.67,0.08,100.0,0.17,50.0,0.08,0.25,100.0,1.09,61.54,1.0,0.17,0.0,10.2,0.25,0.59,28.27,72.78,19.24,66.09,1.0,100.0,6.52,88.46,18.74,77.68,9.28,63.06,25.24,35.73,0.0,0.0,0.0,0.0,0.0,0.0,0.0,5.86,54.29,0.5,66.67,0.17,0.0,0.33,0.17,9.79,63.25,0,,0,,0,0.0,0.0,0.0,,,0.84,,,0.0,0.0,0.0,0.0,0,0.0
40,R. Fryatt,213431,https://cdn5.wyscout.com/reports-img/photo-not-found.png,https://cdn5.wyscout.com/photos/team/public/g34054_120x120.png,000000,England,['England'],Peterborough Sports,0,19,1688,Peterborough Sports,"['RCB3', 'CB', 'LCB3']",30.0,,0,0.91,0,0.46,15.62,63.14,right,186,0,False,10.29,5.33,71.0,7.25,63.97,0.11,0.16,0.69,6.4,9.38,0.37,1,0.05,1,0.05,0.75,0.0,0,0.0,0.05,0,0.0,9,0.48,22.22,0.0,0.0,0.64,58.33,0.11,50.0,0.53,60.0,0.0,0.32,66.67,0.85,56.25,0.91,1.17,0.32,16.32,0.91,0.16,35.03,70.93,19.51,60.66,2.77,88.46,9.6,85.0,24.69,77.32,9.76,55.19,22.9,36.81,0.02,0.37,0.05,0.05,0.11,50.0,0.21,8.37,52.23,1.23,43.48,0.48,33.33,0.43,0.32,10.56,66.67,0,,0,,0,0.0,0.0,0.0,,,1.12,,,0.0,0.0,0.0,0.0,0,0.0
41,C. Johnson,452929,https://cdn5.wyscout.com/reports-img/photo-not-found.png,https://cdn5.wyscout.com/photos/team/public/g34054_120x120.png,000000,England,['England'],Peterborough Sports,0,27,2312,Peterborough Sports,"['CB', 'RCB3', 'LCB3']",26.0,2024-06-30,0,1.31,0,0.18,24.68,59.78,right,186,75,False,14.17,9.69,72.29,7.67,57.87,0.78,1.1,0.78,6.38,9.01,1.71,9,0.35,1,0.04,0.58,0.0,0,0.0,0.05,0,0.0,10,0.39,20.0,0.0,0.0,0.16,75.0,0.0,0.0,0.16,75.0,0.0,0.78,50.0,3.39,42.53,0.62,0.54,0.08,12.53,0.23,0.78,27.95,69.78,16.15,59.52,2.18,92.86,7.2,86.49,19.93,79.3,7.94,46.08,22.83,36.28,0.01,0.08,0.04,0.0,0.0,0.0,0.04,6.03,49.03,0.93,29.17,0.7,38.89,0.16,0.08,7.82,59.7,0,,0,,0,0.0,0.0,0.0,,,1.28,,,0.04,0.0,0.0,0.0,0,0.0
42,R. Misambo,-461388,https://cdn5.wyscout.com/reports-img/photo-not-found.png,https://cdn5.wyscout.com/photos/team/public/g25837_120x120.png,000000,England,['England'],Farsley Celtic FC,0,35,3314,Farsley Celtic FC,"['CB', 'RCB']",30.0,,0,2.14,1,0.98,23.98,64.78,right,193,0,False,11.98,8.58,74.05,10.92,65.42,0.3,0.43,0.54,5.32,7.61,0.87,4,0.11,1,0.03,0.38,0.0,0,0.0,0.06,0,0.0,20,0.54,20.0,0.0,0.03,0.03,0.0,0.03,0.0,0.0,0.0,0.0,0.54,50.0,1.82,35.82,0.68,0.11,0.0,3.58,0.16,0.35,16.48,64.09,10.67,58.27,0.95,82.86,3.34,75.61,12.6,70.47,3.86,43.66,22.91,36.73,0.03,0.08,0.0,0.0,0.0,0.0,0.05,2.88,40.57,0.46,11.76,0.22,12.5,0.11,0.0,5.57,53.17,0,,0,,0,0.0,0.0,0.0,,,0.62,,,0.0,0.0,0.0,0.0,0,0.0
43,J. Granite,-92234,https://cdn5.wyscout.com/reports-img/photo-not-found.png,https://cdn5.wyscout.com/photos/team/public/g6882_120x120.png,000000,England,['England'],Buxton,0,24,1750,Buxton,"['CB', 'RCB', 'LCB']",32.0,2024-06-30,0,0.51,1,0.02,14.71,63.29,right,183,0,False,9.05,4.53,75.0,6.79,62.12,0.1,0.16,0.72,5.55,8.8,0.51,3,0.15,0,0.0,0.21,0.0,0,0.0,0.03,0,0.0,5,0.26,20.0,0.0,0.05,0.26,40.0,0.1,0.0,0.15,66.67,0.05,0.1,50.0,0.72,28.57,0.36,0.67,0.0,11.98,0.05,0.21,26.74,69.42,13.94,52.4,1.8,91.43,9.51,91.35,19.95,78.61,6.53,42.52,24.41,36.32,0.0,0.05,0.05,0.0,0.0,0.0,0.05,5.5,47.66,0.72,21.43,0.57,27.27,0.05,0.1,7.77,50.99,0,,0,,0,0.0,0.0,0.0,,,1.34,,,0.05,0.0,0.0,0.0,0,0.0
44,C. Atkinson,149026,https://cdn5.wyscout.com/photos/players/public/g149026_100x130.png,https://cdn5.wyscout.com/photos/team/public/g25837_120x120.png,000000,England,['England'],Farsley Celtic FC,0,42,4000,Farsley Celtic FC,"['RCB3', 'RCMF', 'DMF']",32.0,2024-06-30,3,1.27,0,4.1,14.72,58.26,right,185,76,False,8.24,5.51,68.16,5.36,60.08,0.16,0.23,0.5,4.32,6.38,0.52,10,0.23,1,0.02,0.63,0.07,3,0.07,0.03,0,0.0,16,0.36,43.75,18.75,0.0,0.77,44.12,0.18,50.0,0.56,40.0,0.07,0.25,54.55,1.17,30.77,0.41,0.2,0.05,10.1,0.36,0.32,24.66,67.52,14.54,56.35,2.5,91.89,5.54,81.71,15.98,78.59,7.92,47.44,22.83,34.33,0.09,0.74,0.05,0.0,0.0,0.0,0.11,6.77,47.84,1.4,46.77,0.45,45.0,0.43,0.34,7.38,68.29,0,,0,,0,0.0,0.0,0.0,,,0.7,,,1.35,0.05,50.0,1.17,0,0.0
45,L. Turner,203657,https://cdn5.wyscout.com/photos/players/public/g203657_100x130.png,https://cdn5.wyscout.com/photos/team/public/g25837_120x120.png,000000,England,['England'],Farsley Celtic FC,0,11,972,Farsley Celtic FC,"['RWB', 'RCB3', 'LB5']",31.0,,1,0.09,0,0.43,17.96,57.73,right,178,70,False,10.74,7.78,66.67,4.72,54.9,0.37,0.52,0.56,5.19,7.34,0.28,1,0.09,0,0.0,1.76,0.09,1,0.09,0.01,0,0.0,3,0.28,33.33,33.333,0.0,1.39,60.0,0.46,60.0,0.93,60.0,0.19,1.57,52.94,3.61,48.72,0.28,0.56,0.0,14.63,0.56,0.83,28.8,70.1,13.98,54.3,6.67,94.44,5.0,77.78,21.39,79.22,6.11,40.91,19.97,36.71,0.04,0.28,0.0,0.0,0.0,0.0,0.09,5.37,50.0,1.48,50.0,0.19,0.0,0.19,0.65,6.85,63.51,0,,0,,0,0.0,0.0,0.0,,,1.76,,,0.0,0.0,0.0,0.0,0,0.0
46,T. Allan,279575,https://cdn5.wyscout.com/photos/players/public/g279575_100x130.png,https://cdn5.wyscout.com/photos/team/public/g25837_120x120.png,000000,England,['England'],Farsley Celtic FC,0,34,3073,Farsley Celtic FC,"['LCB3', 'LCB']",29.0,2024-06-30,2,3.27,3,0.97,22.99,59.11,left,193,0,False,9.4,6.53,65.02,9.81,58.81,0.18,0.25,0.26,4.98,7.04,1.03,7,0.21,3,0.09,1.05,0.06,2,0.06,0.1,1,0.03,33,0.97,21.21,6.061,0.09,0.85,34.48,0.82,32.14,0.0,0.0,0.15,0.82,67.86,2.58,55.68,1.38,0.41,0.15,11.92,0.41,1.11,28.38,64.81,18.3,58.4,1.61,92.73,6.56,73.66,17.1,75.17,10.57,50.14,28.1,40.69,0.03,0.23,0.0,0.03,0.03,0.0,0.09,9.05,51.46,1.73,25.42,0.7,25.0,0.35,0.35,9.87,74.48,0,,0,,0,0.0,0.0,0.0,,,0.82,,,0.03,0.0,0.0,0.0,0,0.0
47,R. Qualter,326703,https://cdn5.wyscout.com/photos/players/public/g326703_100x130.png,https://cdn5.wyscout.com/photos/team/public/g6882_120x120.png,000000,England,['England'],Buxton,0,13,1002,Scarborough Athletic,"['LCB', 'CB']",32.0,,0,0.12,0,0.46,22.54,62.55,,0,0,False,11.41,6.83,71.05,11.32,59.52,0.36,0.5,0.54,6.2,8.63,0.99,3,0.27,1,0.09,0.0,0.0,0,0.0,0.01,0,0.0,3,0.27,0.0,0.0,0.0,0.0,0.0,0.0,0.0,0.0,0.0,0.0,0.09,0.0,0.54,50.0,0.09,0.09,0.09,7.99,0.36,0.45,26.05,74.14,14.28,64.78,2.69,93.33,7.72,84.88,20.66,78.7,5.39,56.67,22.2,31.64,0.04,0.09,0.09,0.0,0.0,0.0,0.0,4.49,42.0,0.72,25.0,0.27,33.33,0.18,0.0,7.01,58.97,0,,0,,0,0.0,0.0,0.0,,,1.98,,,0.0,0.0,0.0,0.0,0,0.0
48,M. Hunt,524137,https://cdn5.wyscout.com/photos/players/public/g524137_100x130.png,https://cdn5.wyscout.com/photos/team/public/g6882_120x120.png,000000,England,['England'],Buxton,0,40,3484,Buxton,"['LCB', 'LCB3']",24.0,2024-06-30,2,2.64,1,0.63,18.81,67.31,right,198,0,False,9.43,5.09,72.08,9.04,68.0,0.08,0.12,0.65,5.68,8.56,0.62,3,0.08,0,0.0,0.59,0.05,2,0.05,0.07,2,0.05,28,0.72,21.43,7.143,0.03,0.46,33.33,0.28,18.18,0.15,50.0,0.1,0.39,60.0,1.21,57.45,1.06,0.15,0.0,15.01,0.31,0.39,33.71,66.51,19.12,52.3,2.2,90.59,10.46,85.68,22.4,79.58,10.85,40.95,28.45,42.13,0.02,0.18,0.03,0.03,0.05,100.0,0.03,8.52,42.73,1.68,21.54,0.67,26.92,0.36,0.18,9.66,62.83,0,,0,,0,0.0,0.0,0.0,,,1.6,,,0.03,0.0,0.0,0.0,0,0.0
49,E. Oluwadamilola Oke,-473216,https://cdn5.wyscout.com/reports-img/photo-not-found.png,https://cdn5.wyscout.com/photos/team/public/g4771_120x120.png,000000,England,['England'],Bishop's Stortford,0,32,1986,Bishop's Stortford,"['RCB3', 'RCB', 'RCMF']",,,0,0.62,0,0.68,22.66,58.0,right,191,0,True,11.47,7.57,77.25,6.75,52.35,0.73,1.05,0.59,4.89,7.11,0.68,4,0.18,1,0.05,1.09,0.0,0,0.0,0.03,0,0.0,11,0.5,9.09,0.0,0.0,0.23,60.0,0.0,0.0,0.23,60.0,0.05,1.77,51.28,4.94,37.61,0.68,0.68,0.18,14.05,0.36,0.91,27.24,77.7,14.5,67.19,2.27,90.0,7.48,90.91,21.62,84.28,5.39,52.1,20.16,32.23,0.03,0.18,0.0,0.0,0.05,0.0,0.14,5.03,57.66,0.68,26.67,0.45,20.0,0.23,0.14,7.16,63.92,0,,0,,0,0.0,0.0,0.0,,,0.68,,,0.0,0.0,0.0,0.0,0,0.0
50,B. Gascoigne,320698,https://cdn5.wyscout.com/reports-img/photo-not-found.png,https://cdn5.wyscout.com/photos/team/public/2751_120x120.png,000000,England,['England'],Tamworth,0,6,316,Tamworth,"['LCB', 'RCB']",30.0,,0,0.02,0,0.0,13.67,45.83,right,188,0,False,5.41,3.7,53.85,6.27,45.45,0.57,0.95,0.57,2.85,4.76,1.14,1,0.28,1,0.28,0.57,0.0,0,0.0,0.0,0,0.0,1,0.28,0.0,0.0,0.0,0.0,0.0,0.0,0.0,0.0,0.0,0.0,0.28,100.0,0.57,50.0,0.85,0.0,0.0,5.13,0.28,0.28,23.07,61.73,18.51,56.92,0.57,0.0,3.13,90.91,13.67,72.92,9.4,45.45,29.51,44.41,0.0,0.0,0.0,0.0,0.28,100.0,0.0,7.97,46.43,1.42,40.0,0.57,50.0,0.57,0.0,8.54,56.67,0,,0,,0,0.0,0.0,0.0,,,0.0,,,0.0,0.0,0.0,0.0,0,0.0
51,K. Burton,-359053,https://cdn5.wyscout.com/reports-img/photo-not-found.png,https://cdn5.wyscout.com/photos/team/public/g16344_120x120.png,000000,England,['England'],Chester,0,12,1154,Chester,"['LCB', 'LCB3', 'LB']",20.0,,0,1.17,0,0.06,23.71,62.17,unknown,0,0,True,11.39,8.42,76.85,7.02,53.33,0.08,0.1,0.31,4.84,6.44,0.86,1,0.08,1,0.08,1.01,0.0,0,0.0,0.09,0,0.0,7,0.55,28.57,0.0,0.0,0.47,16.67,0.47,16.67,0.0,0.0,0.16,1.25,56.25,4.37,55.36,0.62,0.94,0.23,17.63,0.31,1.56,30.49,77.24,16.46,65.88,2.89,97.3,8.89,90.35,24.1,86.08,5.93,46.05,22.43,34.17,0.0,0.16,0.0,0.0,0.16,50.0,0.0,3.59,43.48,0.78,10.0,0.55,42.86,0.0,0.08,7.56,57.73,0,,0,,0,0.0,0.0,0.0,,,2.11,,,0.0,0.0,0.0,0.0,0,0.0
52,M. Williams,-286077,https://cdn5.wyscout.com/reports-img/photo-not-found.png,https://cdn5.wyscout.com/photos/team/public/g16344_120x120.png,000000,England,['England'],Chester,0,43,3978,Chester,"['RCB', 'LCB', 'RCB3']",23.0,,0,1.19,0,0.45,18.46,60.29,right,191,0,False,9.03,5.86,77.22,5.11,50.44,0.2,0.29,0.38,4.3,6.15,0.81,8,0.18,0,0.0,0.79,0.0,0,0.0,0.03,0,0.0,13,0.29,15.38,0.0,0.0,0.18,50.0,0.07,33.33,0.11,60.0,0.02,0.95,69.05,3.39,48.0,0.52,1.22,0.29,20.84,0.2,0.79,40.32,77.78,18.76,62.12,3.42,92.72,15.02,93.22,32.15,85.78,7.99,46.18,23.73,41.43,0.01,0.16,0.0,0.0,0.02,0.0,0.07,6.79,49.67,0.9,35.0,0.34,20.0,0.32,0.09,8.96,65.15,0,,0,,0,0.0,0.0,0.0,,,2.15,,,0.0,0.0,0.0,0.0,0,0.0
53,S. Barrow,55319,https://cdn5.wyscout.com/photos/players/public/52106_100x130.png,https://cdn5.wyscout.com/photos/team/public/g24446_120x120.png,000000,Wales,['Wales'],Darlington 1883,0,19,1829,Darlington 1883,"['LB', 'LCB']",35.0,2024-06-30,0,0.55,1,0.93,14.37,52.4,left,175,70,False,9.05,5.12,62.5,3.79,44.16,0.49,0.69,0.54,5.36,7.55,0.39,3,0.15,0,0.0,1.82,0.0,0,0.0,0.03,0,0.0,18,0.89,11.11,0.0,0.05,2.46,38.0,2.36,37.5,0.1,50.0,0.39,1.08,63.64,2.9,45.76,0.44,2.66,0.79,30.9,1.43,0.74,47.93,74.02,25.05,61.89,4.63,92.55,14.32,87.97,35.38,86.23,10.24,39.9,23.98,40.27,0.05,0.59,0.0,0.0,0.15,66.67,0.25,10.09,54.15,2.61,43.4,0.54,27.27,0.54,0.89,13.58,74.64,0,,0,,0,0.0,0.0,0.0,,,1.48,,,0.79,0.2,0.0,0.39,0,0.0
54,J. Lawlor,283461,https://cdn5.wyscout.com/photos/players/public/g283461_100x130.png,https://cdn5.wyscout.com/photos/team/public/g24446_120x120.png,000000,England,['England'],Darlington 1883,0,31,2682,Darlington 1883,"['LCB', 'CB', 'RCB']",33.0,2024-06-30,1,1.23,0,0.0,15.44,66.09,right,193,74,False,10.0,5.67,73.96,6.24,67.2,0.4,0.6,0.81,5.4,8.0,0.6,2,0.07,1,0.03,0.27,0.03,1,0.03,0.04,1,0.03,7,0.23,57.14,14.286,0.0,0.03,100.0,0.03,100.0,0.0,0.0,0.0,0.13,50.0,0.81,37.5,0.37,0.37,0.03,19.83,0.3,0.3,37.35,82.12,17.45,69.42,1.78,96.23,16.01,93.92,30.74,87.99,6.58,54.59,24.21,40.2,0.0,0.0,0.0,0.0,0.03,100.0,0.03,5.03,56.0,0.23,28.57,0.3,44.44,0.07,0.0,8.05,64.17,0,,0,,0,0.0,0.0,0.0,,,1.51,,,0.0,0.0,0.0,0.0,0,0.0
55,L. Edwards,453942,https://cdn5.wyscout.com/photos/players/public/g453942_100x130.png,https://cdn5.wyscout.com/photos/team/public/g16344_120x120.png,000000,England,['England'],Chester,0,21,1829,Chester,"['LCB', 'RCB']",27.0,2024-06-30,1,0.89,0,0.0,11.32,62.17,right,190,80,False,5.76,4.33,73.86,3.94,56.25,0.05,0.07,0.49,2.51,3.32,0.49,3,0.15,1,0.05,0.1,0.05,1,0.05,0.04,0,0.0,3,0.15,66.67,33.333,0.0,0.05,0.0,0.0,0.0,0.05,0.0,0.0,0.0,0.0,0.44,22.22,0.25,0.0,0.0,18.5,0.15,0.3,29.13,89.02,9.84,75.5,2.26,95.65,14.17,97.22,26.38,93.28,2.71,49.09,20.34,33.73,0.0,0.0,0.0,0.0,0.0,0.0,0.0,1.38,46.43,0.15,0.0,0.05,100.0,0.0,0.0,3.59,50.68,0,,0,,0,0.0,0.0,0.0,,,1.97,,,0.0,0.0,0.0,0.0,0,0.0
56,J. Willets,-390008,https://cdn5.wyscout.com/reports-img/photo-not-found.png,https://cdn5.wyscout.com/photos/team/public/2751_120x120.png,000000,England,['England'],Tamworth,0,30,2666,Tamworth,"['LCB', 'RCB']",31.0,,2,2.83,1,0.03,24.85,56.39,right,190,0,False,7.63,4.96,71.43,15.9,54.35,0.1,0.14,0.47,3.98,5.69,0.68,5,0.17,1,0.03,0.3,0.07,2,0.07,0.1,1,0.03,27,0.91,25.93,7.407,0.03,0.03,100.0,0.0,0.0,0.03,100.0,0.0,0.07,50.0,0.37,27.27,1.38,0.07,0.0,6.55,0.3,0.34,20.39,70.36,10.84,57.32,2.03,86.67,5.98,87.01,16.54,75.92,3.81,46.02,22.3,34.87,0.0,0.03,0.03,0.0,0.0,0.0,0.0,2.9,38.37,0.44,38.46,0.3,22.22,0.14,0.03,5.23,50.97,0,,0,,0,0.0,0.0,0.0,,,1.59,,,0.0,0.0,0.0,0.0,0,0.0
57,L. Hudson,-469589,https://cdn5.wyscout.com/reports-img/photo-not-found.png,https://cdn5.wyscout.com/photos/team/public/g35055_120x120.png,000000,England,['England'],Hereford FC,0,43,4089,Hereford FC,"['LB', 'LWB', 'LCB3']",25.0,,3,1.35,2,3.08,22.58,53.41,unknown,0,0,False,9.02,6.36,68.51,6.74,56.54,0.24,0.36,0.37,4.42,6.49,0.73,6,0.13,0,0.0,2.36,0.07,3,0.07,0.03,0,0.0,12,0.26,50.0,25.0,0.04,2.6,34.75,2.53,34.78,0.0,0.0,0.22,2.4,55.05,5.5,41.6,1.25,0.92,0.2,17.43,0.66,0.99,30.18,70.53,14.37,60.64,5.17,91.49,6.23,74.91,21.9,82.51,5.81,40.91,21.62,39.57,0.07,0.64,0.02,0.04,0.02,0.0,0.37,5.88,58.43,2.51,44.74,0.48,31.82,0.59,0.81,8.36,66.32,0,,0,,0,0.0,0.0,0.0,,,0.44,,,0.09,0.0,0.0,0.0,0,0.0
58,N. Cameron,89007,https://cdn5.wyscout.com/photos/players/public/56371_100x130.png,https://cdn5.wyscout.com/photos/team/public/g35055_120x120.png,000000,England,['England'],Hereford FC,0,37,3586,Hereford FC,"['LCB', 'RCB', 'LCB3']",32.0,2024-06-30,0,2.28,0,0.24,17.77,62.15,right,188,78,False,9.06,4.77,68.42,7.55,64.78,0.5,0.73,0.6,5.3,7.69,0.75,9,0.23,1,0.03,0.18,0.0,0,0.0,0.06,0,0.0,13,0.33,15.38,0.0,0.0,0.18,42.86,0.03,0.0,0.15,50.0,0.0,0.15,33.33,1.36,38.89,0.45,0.25,0.03,14.81,0.2,0.83,29.92,81.12,13.43,69.35,2.23,92.13,11.17,91.91,25.65,87.18,4.09,44.79,21.14,37.34,0.01,0.13,0.05,0.0,0.0,0.0,0.03,4.27,55.88,0.35,28.57,0.23,22.22,0.05,0.05,6.0,63.18,0,,0,,0,0.0,0.0,0.0,,,1.51,,,0.0,0.0,0.0,0.0,0,0.0
59,T. Hannigan,75442,https://cdn5.wyscout.com/photos/players/public/g75442_100x130.png,https://cdn5.wyscout.com/photos/team/public/g4918_120x120.png,000000,England,['England'],Warrington Town,0,41,3780,Warrington Town,['LCB'],35.0,2024-06-30,1,2.71,0,0.11,19.14,66.67,,0,0,False,11.74,7.38,75.48,7.14,67.67,0.43,0.61,0.93,5.74,8.15,0.69,5,0.12,0,0.0,0.21,0.02,1,0.02,0.06,0,0.0,12,0.29,41.67,8.333,0.0,0.1,25.0,0.05,0.0,0.05,50.0,0.02,0.1,75.0,0.86,55.56,0.45,0.76,0.17,14.05,0.1,0.57,31.86,78.48,15.24,65.63,1.9,91.25,11.98,91.25,27.05,85.21,4.71,40.91,21.68,35.19,0.0,0.02,0.0,0.0,0.0,0.0,0.02,3.36,49.65,0.36,33.33,0.26,45.45,0.14,0.02,6.43,43.7,0,,0,,0,0.0,0.0,0.0,,,1.24,,,0.0,0.0,0.0,0.0,0,0.0
60,A. Wisdom,155132,https://cdn5.wyscout.com/photos/players/public/49511_100x130.png,https://cdn5.wyscout.com/photos/team/public/g4918_120x120.png,000000,England,"['England', 'Jamaica']",Warrington Town,0,33,3086,Warrington Town,"['RCB', 'RB']",30.0,2024-06-30,1,1.69,0,0.35,9.71,58.26,right,186,78,False,6.42,3.67,63.49,1.92,69.7,0.03,0.04,0.44,4.05,5.78,0.38,5,0.15,0,0.0,0.7,0.03,1,0.03,0.05,0,0.0,8,0.23,37.5,12.5,0.0,0.12,25.0,0.0,0.0,0.12,25.0,0.0,0.76,69.23,2.1,54.17,0.32,0.44,0.23,17.27,0.32,0.15,31.58,85.96,12.8,75.63,3.59,95.93,11.14,92.93,28.67,89.62,2.8,51.04,18.84,33.26,0.01,0.2,0.03,0.06,0.06,100.0,0.06,2.62,62.22,0.32,54.55,0.2,14.29,0.06,0.03,5.45,62.03,0,,0,,0,0.0,0.0,0.0,,,1.08,,,0.0,0.0,0.0,0.0,0,0.0
61,S. Brisley,50637,https://cdn5.wyscout.com/photos/players/public/31870_100x130.png,https://cdn5.wyscout.com/photos/team/public/3702_120x120.png,000000,England,['England'],Alfreton Town,0,31,2393,Alfreton Town,"['LCB', 'RCB']",33.0,2024-06-30,2,1.8,0,0.17,19.86,58.52,right,192,0,False,8.8,4.21,72.32,11.62,57.61,0.38,0.56,0.41,5.38,8.03,0.68,4,0.15,1,0.04,0.15,0.08,2,0.08,0.07,2,0.08,11,0.41,36.36,18.182,0.0,0.04,0.0,0.0,0.0,0.04,0.0,0.0,0.04,0.0,0.49,23.08,0.87,0.04,0.0,4.02,0.19,0.45,16.81,68.46,10.31,60.22,0.9,100.0,4.14,82.73,12.37,73.25,4.4,55.56,21.58,31.99,0.01,0.04,0.0,0.0,0.0,0.0,0.0,2.86,53.95,0.26,57.14,0.04,0.0,0.3,0.0,5.64,46.67,0,,0,,0,0.0,0.0,0.0,,,0.75,,,0.0,0.0,0.0,0.0,0,0.0
62,K. Digie,393074,https://cdn5.wyscout.com/photos/players/public/g393074_100x130.png,https://cdn5.wyscout.com/photos/team/public/3702_120x120.png,000000,England,['England'],Alfreton Town,0,42,4209,Alfreton Town,['RCB'],27.0,2024-06-30,5,5.58,2,0.94,25.08,55.75,,0,0,False,9.47,6.27,77.82,10.41,51.54,0.36,0.52,0.51,4.23,6.1,1.2,7,0.15,0,0.0,0.6,0.11,5,0.11,0.12,2,0.04,30,0.64,43.33,16.667,0.04,0.09,50.0,0.0,0.0,0.09,50.0,0.04,0.38,72.22,1.5,32.86,1.45,0.13,0.0,4.92,0.11,0.26,18.71,67.77,11.53,60.3,1.95,89.01,3.68,81.4,12.77,70.52,5.86,62.04,24.22,38.23,0.02,0.21,0.0,0.0,0.0,0.0,0.11,4.66,56.88,0.38,38.89,0.09,25.0,0.32,0.04,6.86,62.93,0,,0,,0,0.0,0.0,0.0,,,1.35,,,0.0,0.0,0.0,0.0,0,0.0
63,M. Clarke,-469588,https://cdn5.wyscout.com/reports-img/photo-not-found.png,https://cdn5.wyscout.com/photos/team/public/g4931_120x120.png,000000,England,['England'],Rushall Olympic,0,30,2756,Rushall Olympic,"['RCB', 'CB', 'RCB3']",31.0,,2,1.2,0,1.01,23.22,54.43,unknown,0,0,False,9.63,6.66,69.61,10.71,51.52,0.1,0.14,0.56,4.9,7.21,1.24,8,0.26,0,0.0,0.62,0.07,2,0.07,0.04,2,0.07,15,0.49,20.0,13.333,0.0,0.69,42.86,0.16,40.0,0.52,43.75,0.1,0.39,58.33,1.24,28.95,0.75,0.29,0.0,13.39,0.59,0.49,29.65,70.15,16.36,58.68,2.71,95.18,7.58,84.05,22.57,79.74,6.43,39.09,23.12,39.18,0.03,0.52,0.0,0.0,0.0,0.0,0.1,6.27,49.48,1.5,34.78,0.62,15.79,0.36,0.33,7.61,61.37,0,,0,,0,0.0,0.0,0.0,,,1.27,,,0.0,0.0,0.0,0.0,0,0.0
64,D. Evans,-323588,https://cdn5.wyscout.com/reports-img/photo-not-found.png,https://cdn5.wyscout.com/photos/team/public/2749_120x120.png,000000,England,['England'],Southport,0,15,1224,Southport,"['LCB', 'RCB3']",24.0,,2,2.74,0,0.0,18.38,66.4,,0,0,False,8.46,5.81,68.35,6.76,70.65,0.07,0.1,0.74,4.41,5.73,1.1,1,0.07,0,0.0,0.37,0.15,0,0.0,0.2,0,0.0,5,0.37,40.0,40.0,0.0,0.07,100.0,0.07,100.0,0.0,0.0,0.0,0.15,100.0,0.74,40.0,0.44,0.07,0.07,7.65,0.29,0.07,23.16,74.92,12.5,67.65,1.84,92.0,6.54,85.39,17.21,82.91,5.88,51.25,22.74,35.92,0.0,0.0,0.0,0.0,0.07,0.0,0.0,3.75,47.06,0.81,18.18,0.37,0.0,0.07,0.07,6.1,56.63,0,,0,,0,0.0,0.0,0.0,,,1.03,,,0.0,0.0,0.0,0.0,3,66.667
65,R. Browne,-253430,https://cdn5.wyscout.com/reports-img/photo-not-found.png,https://cdn5.wyscout.com/photos/team/public/g4931_120x120.png,000000,England,"['England', 'St. Kitts and Nevis']",Rushall Olympic,0,16,1596,Rushall Olympic,"['CB', 'RCB']",20.0,2024-06-30,1,1.1,1,0.65,14.55,62.4,,0,0,False,9.36,5.02,73.03,3.61,56.25,0.11,0.19,0.73,5.58,9.25,0.85,2,0.11,0,0.0,0.62,0.06,1,0.06,0.06,1,0.06,10,0.56,30.0,10.0,0.06,0.34,33.33,0.06,0.0,0.28,40.0,0.06,0.51,66.67,2.48,43.18,0.96,0.68,0.17,22.89,0.17,0.56,42.86,79.21,20.58,66.85,3.16,96.43,15.11,92.16,33.67,89.61,8.85,41.4,23.79,42.59,0.04,0.28,0.0,0.06,0.06,0.0,0.06,5.64,42.0,1.07,26.32,0.68,16.67,0.28,0.11,9.19,58.28,0,,0,,0,0.0,0.0,0.0,,,2.37,,,0.11,0.0,0.0,0.0,0,0.0
66,J. Brown,-60595,https://cdn5.wyscout.com/reports-img/photo-not-found.png,https://cdn5.wyscout.com/photos/team/public/g4931_120x120.png,000000,England,['England'],Rushall Olympic,0,33,3088,Rushall Olympic,"['LCB3', 'LCB', 'CB']",32.0,,1,0.73,0,0.13,19.26,60.36,,188,0,False,8.86,4.93,69.82,7.78,62.55,0.29,0.43,0.38,5.13,7.53,0.99,12,0.35,0,0.0,0.64,0.03,1,0.03,0.02,0,0.0,4,0.12,50.0,25.0,0.0,0.03,0.0,0.03,0.0,0.0,0.0,0.0,0.67,86.96,2.62,51.11,0.26,0.9,0.15,14.92,0.15,0.5,31.3,80.07,15.24,69.41,2.33,92.5,9.91,91.18,27.02,85.87,4.26,43.84,19.96,37.27,0.0,0.09,0.0,0.0,0.0,0.0,0.03,3.35,52.17,0.29,10.0,0.15,0.0,0.09,0.0,6.38,55.25,0,,0,,0,0.0,0.0,0.0,,,1.25,,,0.0,0.0,0.0,0.0,0,0.0
67,K. Green,393010,https://cdn5.wyscout.com/photos/players/public/g393010_100x130.png,https://cdn5.wyscout.com/photos/team/public/g4931_120x120.png,000000,England,['England'],Rushall Olympic,0,32,2950,Rushall Olympic,"['RB', 'RCB3']",33.0,2024-06-30,0,2.96,1,0.82,19.13,58.69,right,175,70,False,8.33,5.71,72.73,8.45,56.32,0.06,0.09,0.37,4.12,6.12,0.52,4,0.12,1,0.03,0.79,0.0,0,0.0,0.09,0,0.0,17,0.52,29.41,0.0,0.03,0.64,42.86,0.06,50.0,0.58,42.11,0.09,0.58,63.16,1.92,47.62,1.1,0.7,0.15,14.25,1.34,0.24,28.16,69.23,15.65,59.26,3.26,95.33,6.1,78.0,21.6,78.11,5.92,39.69,21.4,34.88,0.03,0.27,0.03,0.0,0.03,0.0,0.09,5.95,54.87,1.13,32.43,0.34,9.09,0.27,0.31,8.27,66.79,0,,0,,0,0.0,0.0,0.0,,,0.7,,,0.03,0.0,0.0,0.0,0,0.0
68,A. Anson,413539,https://cdn5.wyscout.com/photos/players/public/g413539_100x130.png,https://cdn5.wyscout.com/photos/team/public/2749_120x120.png,000000,England,['England'],Southport,0,19,1723,Southport,"['LCB', 'RCB3', 'LCB3']",27.0,2024-06-30,1,1.02,0,0.29,15.72,59.47,,0,0,False,8.67,5.75,70.0,5.01,63.54,0.21,0.28,0.57,4.44,5.9,0.78,2,0.1,0,0.0,0.37,0.05,1,0.05,0.05,0,0.0,7,0.37,42.86,14.286,0.0,0.26,0.0,0.0,0.0,0.26,0.0,0.05,0.42,50.0,1.51,41.38,0.52,0.21,0.0,7.0,0.31,0.42,17.92,67.06,9.25,54.8,1.72,100.0,4.54,75.86,12.85,77.64,4.81,42.39,24.29,41.85,0.01,0.21,0.0,0.0,0.0,0.0,0.05,2.93,33.93,0.73,7.14,0.31,16.67,0.1,0.05,4.6,56.82,0,,0,,0,0.0,0.0,0.0,,,1.1,,,0.0,0.0,0.0,0.0,0,0.0
69,K. Quansah,427447,https://cdn5.wyscout.com/photos/players/public/g427447_100x130.png,https://cdn5.wyscout.com/photos/team/public/2749_120x120.png,000000,England,"['England', 'Ghana']",Southport,0,35,3225,Southport,"['RB', 'RCB3', 'RWB']",26.0,2024-06-30,1,1.33,3,1.32,20.9,59.15,right,193,0,False,11.08,8.54,66.34,6.0,66.05,0.08,0.11,0.36,5.33,7.21,0.92,3,0.08,0,0.0,0.75,0.03,1,0.03,0.04,1,0.03,7,0.2,28.57,14.286,0.08,1.12,32.5,0.0,0.0,1.12,32.5,0.14,0.61,54.55,2.99,41.12,0.47,0.78,0.47,11.44,0.59,0.53,24.67,70.25,13.0,62.02,3.01,93.52,5.27,73.54,18.42,78.18,5.33,50.26,20.96,36.45,0.04,0.33,0.0,0.03,0.03,0.0,0.14,4.88,60.0,1.26,35.56,0.25,11.11,0.36,0.28,7.48,63.81,0,,0,,0,0.0,0.0,0.0,,,0.22,,,0.0,0.0,0.0,0.0,0,0.0
70,H. Flowers,506446,https://cdn5.wyscout.com/reports-img/photo-not-found.png,https://cdn5.wyscout.com/photos/team/public/2749_120x120.png,000000,England,['England'],Southport,0,39,3661,Southport,"['RCB', 'CB']",28.0,2024-06-30,3,5.35,0,0.04,19.27,61.48,right,195,0,False,10.3,5.41,63.64,9.07,64.23,0.15,0.19,0.64,6.71,8.77,1.01,9,0.22,0,0.0,0.2,0.07,3,0.07,0.13,2,0.05,41,1.01,12.2,7.317,0.0,0.1,25.0,0.05,0.0,0.05,50.0,0.02,0.27,18.18,0.81,33.33,1.13,0.05,0.0,7.67,0.07,0.47,23.58,66.84,14.04,57.97,1.55,88.89,6.24,79.92,15.56,75.99,7.94,49.23,25.88,38.18,0.0,0.02,0.0,0.0,0.0,0.0,0.0,5.68,51.52,0.81,30.3,0.27,9.09,0.17,0.02,8.01,61.66,0,,0,,0,0.0,0.0,0.0,,,1.2,,,0.02,0.0,0.0,0.0,0,0.0
71,R. Briggs,216418,https://cdn5.wyscout.com/reports-img/photo-not-found.png,https://cdn5.wyscout.com/photos/team/public/g21855_120x120.png,000000,England,['England'],South Shields,0,38,3284,South Shields,"['DMF', 'RCB']",32.0,2024-06-30,1,2.92,1,2.4,12.33,49.56,,0,0,False,9.15,5.45,56.78,2.52,41.3,0.63,1.03,0.41,5.43,8.88,0.63,5,0.14,1,0.03,0.88,0.03,0,0.0,0.08,0,0.0,26,0.71,26.92,3.846,0.03,0.69,28.0,0.14,40.0,0.49,27.78,0.11,0.77,35.71,1.89,37.68,0.36,0.77,0.08,43.6,0.3,0.33,60.29,80.73,25.51,66.92,5.26,93.23,22.5,92.45,49.49,87.15,10.11,52.85,22.03,39.97,0.07,0.77,0.0,0.08,0.6,36.36,0.22,12.36,62.31,2.96,41.67,2.25,37.8,1.01,0.25,12.74,73.33,0,,0,,0,0.0,0.0,0.0,,,1.23,,,0.9,0.11,50.0,1.18,2,50.0
72,J. Sloane,427578,https://cdn5.wyscout.com/reports-img/photo-not-found.png,https://cdn5.wyscout.com/photos/team/public/g21855_120x120.png,000000,England,['England'],South Shields,0,2,68,South Shields,"['LCB', 'LCB3']",,,0,0.0,0,0.0,33.09,68.0,,0,0,False,17.21,17.21,69.23,10.59,87.5,0.0,0.0,0.0,5.29,6.32,0.0,0,0.0,0,0.0,0.0,0.0,0,0.0,0.0,0,0.0,0,0.0,0.0,0.0,0.0,0.0,0.0,0.0,0.0,0.0,0.0,0.0,0.0,0.0,0.0,0.0,0.0,1.32,0.0,17.21,0.0,0.0,29.12,95.45,7.94,100.0,1.32,100.0,14.56,90.91,26.47,95.0,2.65,100.0,15.62,23.7,0.0,0.0,0.0,0.0,0.0,0.0,0.0,3.97,66.67,0.0,0.0,0.0,0.0,0.0,0.0,1.32,100.0,0,,0,,0,0.0,0.0,0.0,,,1.32,,,0.0,0.0,0.0,0.0,0,0.0
73,T. Broadbent,493568,https://cdn5.wyscout.com/photos/players/public/g493568_100x130.png,https://cdn5.wyscout.com/photos/team/public/g21855_120x120.png,000000,England,['England'],South Shields,0,44,4262,South Shields,['LCB'],32.0,2024-06-30,1,2.88,1,0.67,16.09,61.81,left,191,90,False,6.88,3.29,66.67,8.66,64.39,0.15,0.24,0.63,4.54,7.43,0.55,7,0.15,0,0.0,0.46,0.02,1,0.02,0.06,0,0.0,27,0.57,25.93,3.704,0.02,0.19,22.22,0.17,25.0,0.0,0.0,0.02,0.38,66.67,1.46,59.42,0.63,1.08,0.17,33.11,0.74,0.65,48.89,81.38,24.54,71.94,2.18,96.12,18.6,91.94,40.27,89.46,8.43,44.11,24.18,44.84,0.01,0.23,0.0,0.0,0.15,14.29,0.08,7.29,48.99,1.12,22.64,0.99,21.28,0.25,0.02,10.92,68.28,0,,0,,0,0.0,0.0,0.0,,,1.29,,,0.04,0.02,100.0,0.0,0,0.0
74,S. Wilson,506457,https://cdn5.wyscout.com/photos/players/public/g506457_100x130.png,https://cdn5.wyscout.com/photos/team/public/g4904_120x120.png,000000,England,['England'],Chorley,0,30,2201,Chorley,"['LCB', 'LB']",24.0,2024-06-30,1,0.9,2,0.51,18.32,61.16,,186,0,False,9.12,4.95,73.55,6.38,67.95,0.37,0.51,0.29,5.11,7.13,0.9,3,0.12,0,0.0,0.37,0.04,1,0.04,0.04,0,0.0,9,0.37,55.56,11.111,0.08,0.2,20.0,0.2,20.0,0.0,0.0,0.04,0.29,42.86,2.41,37.29,0.78,0.2,0.08,10.51,0.16,0.82,27.44,74.22,14.15,60.69,2.13,96.15,9.2,89.33,22.69,81.98,4.54,37.84,20.82,33.1,0.02,0.16,0.0,0.0,0.0,0.0,0.08,3.64,46.07,0.65,12.5,0.16,0.0,0.25,0.04,6.83,50.3,0,,0,,0,0.0,0.0,0.0,,,0.82,,,0.0,0.0,0.0,0.0,0,0.0
75,H. Sheridan,-471031,https://cdn5.wyscout.com/reports-img/photo-not-found.png,https://cdn5.wyscout.com/photos/team/public/g25837_120x120.png,000000,England,['England'],Farsley Celtic FC,0,8,745,Farsley Celtic FC,"['LCB3', 'RCB3', 'RB']",,,0,0.12,0,0.49,23.92,52.02,,0,0,False,13.05,11.11,63.04,5.8,43.75,0.36,0.49,0.24,5.68,7.62,1.09,1,0.12,0,0.0,0.72,0.0,0,0.0,0.01,0,0.0,2,0.24,50.0,0.0,0.0,0.24,50.0,0.0,0.0,0.12,0.0,0.0,1.21,40.0,2.54,23.81,0.48,0.48,0.24,6.28,0.0,0.12,21.62,58.1,14.13,53.85,2.3,68.42,3.38,60.71,14.74,63.93,6.64,45.45,24.28,39.07,0.06,0.24,0.0,0.0,0.12,0.0,0.12,4.47,54.05,0.24,0.0,0.85,28.57,0.0,0.12,7.97,56.06,0,,0,,0,0.0,0.0,0.0,,,0.48,,,0.0,0.0,0.0,0.0,0,0.0
76,S. Brisley,50637,https://cdn5.wyscout.com/photos/players/public/31870_100x130.png,https://cdn5.wyscout.com/photos/team/public/3702_120x120.png,000000,England,['England'],Alfreton Town,0,31,2393,Alfreton Town,"['LCB', 'RCB']",33.0,2024-06-30,2,1.8,0,0.17,19.86,58.52,right,192,0,False,8.8,4.21,72.32,11.62,57.61,0.38,0.56,0.41,5.38,8.03,0.68,4,0.15,1,0.04,0.15,0.08,2,0.08,0.07,2,0.08,11,0.41,36.36,18.182,0.0,0.04,0.0,0.0,0.0,0.04,0.0,0.0,0.04,0.0,0.49,23.08,0.87,0.04,0.0,4.02,0.19,0.45,16.81,68.46,10.31,60.22,0.9,100.0,4.14,82.73,12.37,73.25,4.4,55.56,21.58,31.99,0.01,0.04,0.0,0.0,0.0,0.0,0.0,2.86,53.95,0.26,57.14,0.04,0.0,0.3,0.0,5.64,46.67,0,,0,,0,0.0,0.0,0.0,,,0.75,,,0.0,0.0,0.0,0.0,0,0.0
77,K. Digie,393074,https://cdn5.wyscout.com/photos/players/public/g393074_100x130.png,https://cdn5.wyscout.com/photos/team/public/3702_120x120.png,000000,England,['England'],Alfreton Town,0,42,4209,Alfreton Town,['RCB'],27.0,2024-06-30,5,5.58,2,0.94,25.08,55.75,,0,0,False,9.47,6.27,77.82,10.41,51.54,0.36,0.52,0.51,4.23,6.1,1.2,7,0.15,0,0.0,0.6,0.11,5,0.11,0.12,2,0.04,30,0.64,43.33,16.667,0.04,0.09,50.0,0.0,0.0,0.09,50.0,0.04,0.38,72.22,1.5,32.86,1.45,0.13,0.0,4.92,0.11,0.26,18.71,67.77,11.53,60.3,1.95,89.01,3.68,81.4,12.77,70.52,5.86,62.04,24.22,38.23,0.02,0.21,0.0,0.0,0.0,0.0,0.11,4.66,56.88,0.38,38.89,0.09,25.0,0.32,0.04,6.86,62.93,0,,0,,0,0.0,0.0,0.0,,,1.35,,,0.0,0.0,0.0,0.0,0,0.0
78,M. Clarke,-469588,https://cdn5.wyscout.com/reports-img/photo-not-found.png,https://cdn5.wyscout.com/photos/team/public/g4931_120x120.png,000000,England,['England'],Rushall Olympic,0,30,2756,Rushall Olympic,"['RCB', 'CB', 'RCB3']",31.0,,2,1.2,0,1.01,23.22,54.43,unknown,0,0,False,9.63,6.66,69.61,10.71,51.52,0.1,0.14,0.56,4.9,7.21,1.24,8,0.26,0,0.0,0.62,0.07,2,0.07,0.04,2,0.07,15,0.49,20.0,13.333,0.0,0.69,42.86,0.16,40.0,0.52,43.75,0.1,0.39,58.33,1.24,28.95,0.75,0.29,0.0,13.39,0.59,0.49,29.65,70.15,16.36,58.68,2.71,95.18,7.58,84.05,22.57,79.74,6.43,39.09,23.12,39.18,0.03,0.52,0.0,0.0,0.0,0.0,0.1,6.27,49.48,1.5,34.78,0.62,15.79,0.36,0.33,7.61,61.37,0,,0,,0,0.0,0.0,0.0,,,1.27,,,0.0,0.0,0.0,0.0,0,0.0
79,D. Evans,-323588,https://cdn5.wyscout.com/reports-img/photo-not-found.png,https://cdn5.wyscout.com/photos/team/public/2749_120x120.png,000000,England,['England'],Southport,0,15,1224,Southport,"['LCB', 'RCB3']",24.0,,2,2.74,0,0.0,18.38,66.4,,0,0,False,8.46,5.81,68.35,6.76,70.65,0.07,0.1,0.74,4.41,5.73,1.1,1,0.07,0,0.0,0.37,0.15,0,0.0,0.2,0,0.0,5,0.37,40.0,40.0,0.0,0.07,100.0,0.07,100.0,0.0,0.0,0.0,0.15,100.0,0.74,40.0,0.44,0.07,0.07,7.65,0.29,0.07,23.16,74.92,12.5,67.65,1.84,92.0,6.54,85.39,17.21,82.91,5.88,51.25,22.74,35.92,0.0,0.0,0.0,0.0,0.07,0.0,0.0,3.75,47.06,0.81,18.18,0.37,0.0,0.07,0.07,6.1,56.63,0,,0,,0,0.0,0.0,0.0,,,1.03,,,0.0,0.0,0.0,0.0,3,66.667
80,R. Browne,-253430,https://cdn5.wyscout.com/reports-img/photo-not-found.png,https://cdn5.wyscout.com/photos/team/public/g4931_120x120.png,000000,England,"['England', 'St. Kitts and Nevis']",Rushall Olympic,0,16,1596,Rushall Olympic,"['CB', 'RCB']",20.0,2024-06-30,1,1.1,1,0.65,14.55,62.4,,0,0,False,9.36,5.02,73.03,3.61,56.25,0.11,0.19,0.73,5.58,9.25,0.85,2,0.11,0,0.0,0.62,0.06,1,0.06,0.06,1,0.06,10,0.56,30.0,10.0,0.06,0.34,33.33,0.06,0.0,0.28,40.0,0.06,0.51,66.67,2.48,43.18,0.96,0.68,0.17,22.89,0.17,0.56,42.86,79.21,20.58,66.85,3.16,96.43,15.11,92.16,33.67,89.61,8.85,41.4,23.79,42.59,0.04,0.28,0.0,0.06,0.06,0.0,0.06,5.64,42.0,1.07,26.32,0.68,16.67,0.28,0.11,9.19,58.28,0,,0,,0,0.0,0.0,0.0,,,2.37,,,0.11,0.0,0.0,0.0,0,0.0
81,J. Brown,-60595,https://cdn5.wyscout.com/reports-img/photo-not-found.png,https://cdn5.wyscout.com/photos/team/public/g4931_120x120.png,000000,England,['England'],Rushall Olympic,0,33,3088,Rushall Olympic,"['LCB3', 'LCB', 'CB']",32.0,,1,0.73,0,0.13,19.26,60.36,,188,0,False,8.86,4.93,69.82,7.78,62.55,0.29,0.43,0.38,5.13,7.53,0.99,12,0.35,0,0.0,0.64,0.03,1,0.03,0.02,0,0.0,4,0.12,50.0,25.0,0.0,0.03,0.0,0.03,0.0,0.0,0.0,0.0,0.67,86.96,2.62,51.11,0.26,0.9,0.15,14.92,0.15,0.5,31.3,80.07,15.24,69.41,2.33,92.5,9.91,91.18,27.02,85.87,4.26,43.84,19.96,37.27,0.0,0.09,0.0,0.0,0.0,0.0,0.03,3.35,52.17,0.29,10.0,0.15,0.0,0.09,0.0,6.38,55.25,0,,0,,0,0.0,0.0,0.0,,,1.25,,,0.0,0.0,0.0,0.0,0,0.0
82,K. Green,393010,https://cdn5.wyscout.com/photos/players/public/g393010_100x130.png,https://cdn5.wyscout.com/photos/team/public/g4931_120x120.png,000000,England,['England'],Rushall Olympic,0,32,2950,Rushall Olympic,"['RB', 'RCB3']",33.0,2024-06-30,0,2.96,1,0.82,19.13,58.69,right,175,70,False,8.33,5.71,72.73,8.45,56.32,0.06,0.09,0.37,4.12,6.12,0.52,4,0.12,1,0.03,0.79,0.0,0,0.0,0.09,0,0.0,17,0.52,29.41,0.0,0.03,0.64,42.86,0.06,50.0,0.58,42.11,0.09,0.58,63.16,1.92,47.62,1.1,0.7,0.15,14.25,1.34,0.24,28.16,69.23,15.65,59.26,3.26,95.33,6.1,78.0,21.6,78.11,5.92,39.69,21.4,34.88,0.03,0.27,0.03,0.0,0.03,0.0,0.09,5.95,54.87,1.13,32.43,0.34,9.09,0.27,0.31,8.27,66.79,0,,0,,0,0.0,0.0,0.0,,,0.7,,,0.03,0.0,0.0,0.0,0,0.0
83,A. Anson,413539,https://cdn5.wyscout.com/photos/players/public/g413539_100x130.png,https://cdn5.wyscout.com/photos/team/public/2749_120x120.png,000000,England,['England'],Southport,0,19,1723,Southport,"['LCB', 'RCB3', 'LCB3']",27.0,2024-06-30,1,1.02,0,0.29,15.72,59.47,,0,0,False,8.67,5.75,70.0,5.01,63.54,0.21,0.28,0.57,4.44,5.9,0.78,2,0.1,0,0.0,0.37,0.05,1,0.05,0.05,0,0.0,7,0.37,42.86,14.286,0.0,0.26,0.0,0.0,0.0,0.26,0.0,0.05,0.42,50.0,1.51,41.38,0.52,0.21,0.0,7.0,0.31,0.42,17.92,67.06,9.25,54.8,1.72,100.0,4.54,75.86,12.85,77.64,4.81,42.39,24.29,41.85,0.01,0.21,0.0,0.0,0.0,0.0,0.05,2.93,33.93,0.73,7.14,0.31,16.67,0.1,0.05,4.6,56.82,0,,0,,0,0.0,0.0,0.0,,,1.1,,,0.0,0.0,0.0,0.0,0,0.0
84,K. Quansah,427447,https://cdn5.wyscout.com/photos/players/public/g427447_100x130.png,https://cdn5.wyscout.com/photos/team/public/2749_120x120.png,000000,England,"['England', 'Ghana']",Southport,0,35,3225,Southport,"['RB', 'RCB3', 'RWB']",26.0,2024-06-30,1,1.33,3,1.32,20.9,59.15,right,193,0,False,11.08,8.54,66.34,6.0,66.05,0.08,0.11,0.36,5.33,7.21,0.92,3,0.08,0,0.0,0.75,0.03,1,0.03,0.04,1,0.03,7,0.2,28.57,14.286,0.08,1.12,32.5,0.0,0.0,1.12,32.5,0.14,0.61,54.55,2.99,41.12,0.47,0.78,0.47,11.44,0.59,0.53,24.67,70.25,13.0,62.02,3.01,93.52,5.27,73.54,18.42,78.18,5.33,50.26,20.96,36.45,0.04,0.33,0.0,0.03,0.03,0.0,0.14,4.88,60.0,1.26,35.56,0.25,11.11,0.36,0.28,7.48,63.81,0,,0,,0,0.0,0.0,0.0,,,0.22,,,0.0,0.0,0.0,0.0,0,0.0
85,H. Flowers,506446,https://cdn5.wyscout.com/reports-img/photo-not-found.png,https://cdn5.wyscout.com/photos/team/public/2749_120x120.png,000000,England,['England'],Southport,0,39,3661,Southport,"['RCB', 'CB']",28.0,2024-06-30,3,5.35,0,0.04,19.27,61.48,right,195,0,False,10.3,5.41,63.64,9.07,64.23,0.15,0.19,0.64,6.71,8.77,1.01,9,0.22,0,0.0,0.2,0.07,3,0.07,0.13,2,0.05,41,1.01,12.2,7.317,0.0,0.1,25.0,0.05,0.0,0.05,50.0,0.02,0.27,18.18,0.81,33.33,1.13,0.05,0.0,7.67,0.07,0.47,23.58,66.84,14.04,57.97,1.55,88.89,6.24,79.92,15.56,75.99,7.94,49.23,25.88,38.18,0.0,0.02,0.0,0.0,0.0,0.0,0.0,5.68,51.52,0.81,30.3,0.27,9.09,0.17,0.02,8.01,61.66,0,,0,,0,0.0,0.0,0.0,,,1.2,,,0.02,0.0,0.0,0.0,0,0.0
86,T. Hannigan,75442,https://cdn5.wyscout.com/photos/players/public/g75442_100x130.png,https://cdn5.wyscout.com/photos/team/public/g4918_120x120.png,000000,England,['England'],Warrington Town,0,41,3780,Warrington Town,['LCB'],35.0,2024-06-30,1,2.71,0,0.11,19.14,66.67,,0,0,False,11.74,7.38,75.48,7.14,67.67,0.43,0.61,0.93,5.74,8.15,0.69,5,0.12,0,0.0,0.21,0.02,1,0.02,0.06,0,0.0,12,0.29,41.67,8.333,0.0,0.1,25.0,0.05,0.0,0.05,50.0,0.02,0.1,75.0,0.86,55.56,0.45,0.76,0.17,14.05,0.1,0.57,31.86,78.48,15.24,65.63,1.9,91.25,11.98,91.25,27.05,85.21,4.71,40.91,21.68,35.19,0.0,0.02,0.0,0.0,0.0,0.0,0.02,3.36,49.65,0.36,33.33,0.26,45.45,0.14,0.02,6.43,43.7,0,,0,,0,0.0,0.0,0.0,,,1.24,,,0.0,0.0,0.0,0.0,0,0.0
87,A. Wisdom,155132,https://cdn5.wyscout.com/photos/players/public/49511_100x130.png,https://cdn5.wyscout.com/photos/team/public/g4918_120x120.png,000000,England,"['England', 'Jamaica']",Warrington Town,0,33,3086,Warrington Town,"['RCB', 'RB']",30.0,2024-06-30,1,1.69,0,0.35,9.71,58.26,right,186,78,False,6.42,3.67,63.49,1.92,69.7,0.03,0.04,0.44,4.05,5.78,0.38,5,0.15,0,0.0,0.7,0.03,1,0.03,0.05,0,0.0,8,0.23,37.5,12.5,0.0,0.12,25.0,0.0,0.0,0.12,25.0,0.0,0.76,69.23,2.1,54.17,0.32,0.44,0.23,17.27,0.32,0.15,31.58,85.96,12.8,75.63,3.59,95.93,11.14,92.93,28.67,89.62,2.8,51.04,18.84,33.26,0.01,0.2,0.03,0.06,0.06,100.0,0.06,2.62,62.22,0.32,54.55,0.2,14.29,0.06,0.03,5.45,62.03,0,,0,,0,0.0,0.0,0.0,,,1.08,,,0.0,0.0,0.0,0.0,0,0.0
88,H. Beadle,-268682,https://cdn5.wyscout.com/reports-img/photo-not-found.png,https://cdn5.wyscout.com/photos/team/public/g4771_120x120.png,000000,England,['England'],Bishop's Stortford,0,36,3287,Bishop's Stortford,"['RCB', 'LCB']",21.0,,1,1.62,0,0.54,14.92,54.86,right,185,76,True,8.05,3.86,57.45,5.94,53.0,0.11,0.15,1.07,5.72,7.94,0.93,9,0.25,0,0.0,0.55,0.03,1,0.03,0.04,1,0.03,8,0.22,37.5,12.5,0.0,0.41,53.33,0.16,83.33,0.25,33.33,0.05,0.3,81.82,1.45,47.17,0.47,0.38,0.03,10.3,0.11,0.68,23.44,69.28,12.24,54.81,1.64,93.33,7.67,86.43,17.74,79.48,5.31,36.6,23.56,38.86,0.01,0.22,0.0,0.0,0.0,0.0,0.08,3.2,33.33,0.96,25.71,0.38,7.14,0.14,0.16,6.0,48.86,0,,0,,0,0.0,0.0,0.0,,,1.23,,,0.05,0.0,0.0,0.0,0,0.0
89,S. Robbins,-213063,https://cdn5.wyscout.com/reports-img/photo-not-found.png,https://cdn5.wyscout.com/photos/team/public/g4771_120x120.png,000000,England,['England'],Bishop's Stortford,0,20,1720,Bishop's Stortford,"['LB', 'LCB', 'RB']",30.0,,0,0.0,0,0.05,14.6,49.82,right,0,0,False,10.2,6.12,70.09,4.03,49.35,0.26,0.36,1.05,5.65,7.73,0.31,1,0.05,0,0.0,0.26,0.0,0,0.0,0.0,0,0.0,0,0.0,0.0,0.0,0.0,0.26,40.0,0.1,50.0,0.16,33.33,0.0,0.16,100.0,2.51,14.58,0.0,0.21,0.0,15.28,0.47,0.1,31.13,66.72,19.83,55.94,1.62,90.32,7.22,86.23,20.25,81.91,10.62,38.42,23.55,34.4,0.0,0.05,0.0,0.0,0.0,0.0,0.0,6.54,49.6,0.78,33.33,0.68,23.08,0.16,0.1,10.47,57.5,0,,0,,0,0.0,0.0,0.0,,,0.68,,,0.0,0.0,0.0,0.0,0,0.0
90,M. Haines,36060,https://cdn5.wyscout.com/photos/players/public/g36060_100x130.png,https://cdn5.wyscout.com/photos/team/public/g4771_120x120.png,000000,England,['England'],Bishop's Stortford,0,24,2024,Bishop's Stortford,['LCB'],34.0,2024-06-30,1,0.7,0,0.0,18.63,60.62,right,0,0,False,8.63,5.38,61.16,8.4,66.14,0.04,0.06,0.53,5.29,7.48,0.89,1,0.04,3,0.13,0.31,0.04,1,0.04,0.03,0,0.0,7,0.31,28.57,14.286,0.0,0.13,33.33,0.09,50.0,0.0,0.0,0.0,0.36,50.0,1.38,35.48,0.4,0.18,0.04,9.83,0.22,0.44,23.97,69.76,13.61,57.52,1.07,91.67,7.38,90.36,18.45,77.83,5.42,43.44,22.82,34.47,0.0,0.0,0.0,0.04,0.0,0.0,0.0,3.69,43.37,0.31,14.29,0.13,0.0,0.0,0.04,6.85,53.25,0,,0,,0,0.0,0.0,0.0,,,0.8,,,0.0,0.0,0.0,0.0,0,0.0
91,A. Harvey,-567331,https://cdn5.wyscout.com/reports-img/photo-not-found.png,https://cdn5.wyscout.com/photos/team/public/g4771_120x120.png,000000,England,['England'],Bishop's Stortford,0,6,333,Bishop's Stortford,['RCB'],,,0,0.01,0,0.0,14.05,53.85,,0,0,False,8.65,6.49,75.0,4.86,27.78,0.0,0.0,1.08,3.78,5.6,0.0,0,0.0,0,0.0,0.27,0.0,0,0.0,0.0,0,0.0,1,0.27,0.0,0.0,0.0,0.0,0.0,0.0,0.0,0.0,0.0,0.0,0.27,100.0,1.08,25.0,0.27,0.0,0.0,6.76,0.0,0.0,14.32,64.15,8.92,54.55,1.35,80.0,2.97,81.82,8.65,81.25,5.68,38.1,19.45,27.34,0.0,0.0,0.0,0.0,0.0,0.0,0.0,3.51,30.77,0.0,0.0,0.0,0.0,0.0,0.0,4.32,43.75,0,,0,,0,0.0,0.0,0.0,,,1.08,,,0.0,0.0,0.0,0.0,0,0.0
92,R. McAuley,83308,https://cdn5.wyscout.com/reports-img/photo-not-found.png,https://cdn5.wyscout.com/photos/team/public/g34054_120x120.png,000000,England,['England'],Peterborough Sports,0,11,1076,Peterborough Sports,['CB'],34.0,,0,1.22,0,0.0,17.82,62.44,right,178,0,False,10.12,6.02,65.28,6.78,67.9,0.33,0.53,0.33,5.86,9.33,1.34,2,0.17,0,0.0,0.59,0.0,0,0.0,0.1,0,0.0,5,0.42,40.0,0.0,0.0,0.25,66.67,0.08,100.0,0.17,50.0,0.08,0.25,100.0,1.09,61.54,1.0,0.17,0.0,10.2,0.25,0.59,28.27,72.78,19.24,66.09,1.0,100.0,6.52,88.46,18.74,77.68,9.28,63.06,25.24,35.73,0.0,0.0,0.0,0.0,0.0,0.0,0.0,5.86,54.29,0.5,66.67,0.17,0.0,0.33,0.17,9.79,63.25,0,,0,,0,0.0,0.0,0.0,,,0.84,,,0.0,0.0,0.0,0.0,0,0.0
93,R. Fryatt,213431,https://cdn5.wyscout.com/reports-img/photo-not-found.png,https://cdn5.wyscout.com/photos/team/public/g34054_120x120.png,000000,England,['England'],Peterborough Sports,0,19,1688,Peterborough Sports,"['RCB3', 'CB', 'LCB3']",30.0,,0,0.91,0,0.46,15.62,63.14,right,186,0,False,10.29,5.33,71.0,7.25,63.97,0.11,0.16,0.69,6.4,9.38,0.37,1,0.05,1,0.05,0.75,0.0,0,0.0,0.05,0,0.0,9,0.48,22.22,0.0,0.0,0.64,58.33,0.11,50.0,0.53,60.0,0.0,0.32,66.67,0.85,56.25,0.91,1.17,0.32,16.32,0.91,0.16,35.03,70.93,19.51,60.66,2.77,88.46,9.6,85.0,24.69,77.32,9.76,55.19,22.9,36.81,0.02,0.37,0.05,0.05,0.11,50.0,0.21,8.37,52.23,1.23,43.48,0.48,33.33,0.43,0.32,10.56,66.67,0,,0,,0,0.0,0.0,0.0,,,1.12,,,0.0,0.0,0.0,0.0,0,0.0
94,C. Johnson,452929,https://cdn5.wyscout.com/reports-img/photo-not-found.png,https://cdn5.wyscout.com/photos/team/public/g34054_120x120.png,000000,England,['England'],Peterborough Sports,0,27,2312,Peterborough Sports,"['CB', 'RCB3', 'LCB3']",26.0,2024-06-30,0,1.31,0,0.18,24.68,59.78,right,186,75,False,14.17,9.69,72.29,7.67,57.87,0.78,1.1,0.78,6.38,9.01,1.71,9,0.35,1,0.04,0.58,0.0,0,0.0,0.05,0,0.0,10,0.39,20.0,0.0,0.0,0.16,75.0,0.0,0.0,0.16,75.0,0.0,0.78,50.0,3.39,42.53,0.62,0.54,0.08,12.53,0.23,0.78,27.95,69.78,16.15,59.52,2.18,92.86,7.2,86.49,19.93,79.3,7.94,46.08,22.83,36.28,0.01,0.08,0.04,0.0,0.0,0.0,0.04,6.03,49.03,0.93,29.17,0.7,38.89,0.16,0.08,7.82,59.7,0,,0,,0,0.0,0.0,0.0,,,1.28,,,0.04,0.0,0.0,0.0,0,0.0
95,H. Twite,-431614,https://cdn5.wyscout.com/reports-img/photo-not-found.png,https://cdn5.wyscout.com/photos/team/public/g20251_120x120.png,000000,Bermuda,['Bermuda'],King's Lynn Town,0,1,67,King's Lynn Town,['LCB3'],18.0,,0,0.0,0,0.0,25.52,73.68,,0,0,False,17.46,9.4,85.71,9.4,71.43,0.0,0.0,0.0,9.4,12.35,0.0,0,0.0,0,0.0,1.34,0.0,0,0.0,0.0,0,0.0,0,0.0,0.0,0.0,0.0,0.0,0.0,0.0,0.0,0.0,0.0,0.0,1.34,100.0,2.69,50.0,0.0,0.0,0.0,22.84,0.0,0.0,49.7,72.97,29.55,63.64,1.34,100.0,14.78,90.91,41.64,80.65,8.06,33.33,19.32,35.28,0.0,0.0,0.0,0.0,0.0,0.0,0.0,2.69,50.0,1.34,0.0,1.34,0.0,0.0,0.0,6.72,20.0,0,,0,,0,0.0,0.0,0.0,,,0.0,,,0.0,0.0,0.0,0.0,0,0.0
96,L. Mbeka,-227253,https://cdn5.wyscout.com/reports-img/photo-not-found.png,https://cdn5.wyscout.com/photos/team/public/g23906_120x120.png,000000,England,['England'],Spennymoor Town,0,41,3854,Spennymoor Town,"['RCB', 'RCB3']",27.0,2024-06-30,2,1.47,1,0.22,21.72,68.82,,0,0,False,11.68,7.85,77.68,7.4,71.92,0.44,0.6,0.49,5.14,6.91,0.54,3,0.07,0,0.0,0.86,0.05,2,0.05,0.03,1,0.02,10,0.23,50.0,20.0,0.02,0.47,20.0,0.05,50.0,0.42,16.67,0.02,0.96,65.85,3.27,51.43,0.47,1.24,0.16,20.06,0.35,1.0,37.41,76.53,17.63,64.11,3.34,95.1,11.93,88.65,29.05,85.77,7.96,45.45,22.58,38.57,0.01,0.14,0.0,0.05,0.09,25.0,0.09,5.84,50.0,1.21,17.31,0.86,18.92,0.19,0.09,9.46,62.47,0,,0,,0,0.0,0.0,0.0,,,1.4,,,0.0,0.0,0.0,0.0,0,0.0
97,J. Curtis,34489,https://cdn5.wyscout.com/photos/players/public/64790_100x130.png,https://cdn5.wyscout.com/photos/team/public/g23906_120x120.png,000000,England,['England'],Spennymoor Town,0,8,579,Spennymoor Town,"['RCB', 'RCB3', 'CB']",42.0,2024-06-30,0,0.25,0,0.2,13.99,58.89,right,196,0,False,8.86,5.6,61.11,4.97,62.5,0.62,0.86,0.31,4.82,6.69,0.78,1,0.16,0,0.0,0.16,0.0,0,0.0,0.04,0,0.0,2,0.31,0.0,0.0,0.0,0.0,0.0,0.0,0.0,0.0,0.0,0.0,0.16,100.0,0.78,40.0,0.47,0.0,0.0,26.27,0.78,0.47,43.06,85.92,20.21,76.15,1.55,90.0,18.34,95.76,37.93,90.98,5.13,48.48,25.16,34.43,0.03,0.16,0.0,0.0,0.0,0.0,0.0,4.35,60.71,0.31,0.0,0.62,50.0,0.16,0.0,8.7,73.21,0,,0,,0,0.0,0.0,0.0,,,1.24,,,0.0,0.0,0.0,0.0,0,0.0
98,G. Liddle,50925,https://cdn5.wyscout.com/photos/players/public/33300_100x130.png,https://cdn5.wyscout.com/photos/team/public/g23906_120x120.png,000000,England,['England'],Spennymoor Town,0,29,2875,Spennymoor Town,['RCB'],37.0,2024-06-30,0,0.05,1,0.01,14.18,62.25,right,185,79,False,9.33,4.98,75.47,6.29,56.72,0.38,0.62,0.97,5.2,8.51,0.31,3,0.09,0,0.0,0.13,0.0,0,0.0,0.0,0,0.0,1,0.03,0.0,0.0,0.03,0.13,75.0,0.03,0.0,0.09,100.0,0.0,0.09,0.0,0.85,51.85,0.22,1.31,0.16,32.53,0.44,0.56,50.78,89.77,20.38,80.8,2.94,96.81,22.48,97.35,44.48,93.95,6.2,60.1,22.25,42.91,0.0,0.03,0.0,0.0,0.06,50.0,0.0,4.76,67.11,0.47,33.33,0.16,20.0,0.06,0.09,8.3,69.81,0,,0,,0,0.0,0.0,0.0,,,1.97,,,0.0,0.0,0.0,0.0,0,0.0
99,M. Ledger,452160,https://cdn5.wyscout.com/photos/players/public/g452160_100x130.png,https://cdn5.wyscout.com/photos/team/public/g23906_120x120.png,000000,England,['England'],Spennymoor Town,0,29,2284,Spennymoor Town,"['RB', 'LCB3']",26.0,2024-06-30,0,0.28,1,0.05,15.76,59.0,right,186,77,False,9.97,7.64,63.4,4.45,55.75,0.32,0.43,0.47,4.81,6.54,0.51,5,0.2,0,0.0,0.35,0.0,0,0.0,0.01,0,0.0,2,0.08,50.0,0.0,0.04,0.43,27.27,0.04,0.0,0.39,30.0,0.04,0.32,62.5,1.06,51.85,0.08,0.67,0.16,18.01,0.32,0.28,32.23,77.38,15.6,65.91,3.74,94.74,8.24,88.52,25.77,83.94,6.07,53.25,20.55,33.2,0.0,0.04,0.0,0.0,0.0,0.0,0.04,5.67,53.47,1.06,44.44,0.79,45.0,0.35,0.16,8.71,67.87,0,,0,,0,0.0,0.0,0.0,,,1.02,,,0.0,0.0,0.0,0.0,0,0.0
100,B. Pollock,465451,https://cdn5.wyscout.com/reports-img/photo-not-found.png,https://cdn5.wyscout.com/photos/team/public/g23906_120x120.png,000000,England,['England'],Spennymoor Town,0,39,3652,Spennymoor Town,"['LCB', 'CB']",26.0,2024-06-30,3,3.42,3,1.5,19.1,68.9,right,183,88,False,10.67,5.96,78.1,9.0,72.33,0.76,1.05,0.71,5.25,7.24,0.64,4,0.1,1,0.02,0.39,0.07,3,0.07,0.08,1,0.02,17,0.42,35.29,17.647,0.07,0.07,66.67,0.07,66.67,0.0,0.0,0.02,0.32,53.85,1.38,41.07,0.64,0.81,0.35,19.62,0.12,0.52,36.23,82.31,17.77,70.87,1.87,96.05,13.68,95.14,29.94,88.56,6.21,52.38,22.46,38.12,0.04,0.1,0.0,0.0,0.02,100.0,0.07,4.63,53.19,0.44,33.33,0.3,25.0,0.17,0.02,7.59,66.23,0,,0,,0,0.0,0.0,0.0,,,1.4,,,0.02,0.0,0.0,0.0,0,0.0
101,R. Staunton,521380,https://cdn5.wyscout.com/photos/players/public/g521380_100x130.png,https://cdn5.wyscout.com/photos/team/public/g23906_120x120.png,000000,England,"['England', 'Republic of Ireland']",Spennymoor Town,0,42,3831,Spennymoor Town,"['LB', 'LCB3']",22.0,2024-06-30,2,1.51,3,4.96,24.53,58.05,left,183,0,False,10.97,8.32,64.69,6.11,69.23,0.23,0.32,0.33,5.36,7.21,0.82,5,0.12,0,0.0,3.45,0.05,2,0.05,0.04,0,0.0,15,0.35,40.0,13.333,0.07,3.43,34.93,3.36,34.27,0.05,50.0,0.7,3.64,57.42,6.6,46.98,0.49,2.23,0.52,28.9,1.17,0.92,46.07,66.7,23.02,54.59,5.22,93.69,13.18,77.01,31.06,79.58,11.77,41.52,25.83,42.22,0.12,0.78,0.07,0.07,0.12,20.0,0.47,10.67,47.36,3.99,40.59,1.1,25.53,0.49,1.29,13.56,64.64,0,,0,,0,0.0,0.0,0.0,,,1.15,,,0.28,0.07,66.67,0.49,0,0.0
102,S. Wilson,506457,https://cdn5.wyscout.com/photos/players/public/g506457_100x130.png,https://cdn5.wyscout.com/photos/team/public/g4904_120x120.png,000000,England,['England'],Chorley,0,30,2201,Chorley,"['LCB', 'LB']",24.0,2024-06-30,1,0.9,2,0.51,18.32,61.16,,186,0,False,9.12,4.95,73.55,6.38,67.95,0.37,0.51,0.29,5.11,7.13,0.9,3,0.12,0,0.0,0.37,0.04,1,0.04,0.04,0,0.0,9,0.37,55.56,11.111,0.08,0.2,20.0,0.2,20.0,0.0,0.0,0.04,0.29,42.86,2.41,37.29,0.78,0.2,0.08,10.51,0.16,0.82,27.44,74.22,14.15,60.69,2.13,96.15,9.2,89.33,22.69,81.98,4.54,37.84,20.82,33.1,0.02,0.16,0.0,0.0,0.0,0.0,0.08,3.64,46.07,0.65,12.5,0.16,0.0,0.25,0.04,6.83,50.3,0,,0,,0,0.0,0.0,0.0,,,0.82,,,0.0,0.0,0.0,0.0,0,0.0
103,N. Knight-Percival,36102,https://cdn5.wyscout.com/reports-img/photo-not-found.png,https://cdn5.wyscout.com/photos/team/public/2751_120x120.png,000000,England,['England'],Tamworth,0,5,494,Tamworth,['LCB'],37.0,2024-06-30,2,1.63,0,0.02,15.3,58.33,left,183,73,True,7.47,4.92,85.19,4.92,44.44,0.18,0.29,0.0,3.1,5.0,0.55,0,0.0,0,0.0,0.73,0.36,2,0.36,0.3,0,0.0,5,0.91,40.0,40.0,0.0,0.18,0.0,0.0,0.0,0.18,0.0,0.18,0.36,100.0,1.64,33.33,2.19,0.55,0.0,6.74,0.18,0.36,17.67,71.13,9.47,53.85,1.64,100.0,4.92,88.89,12.75,81.43,4.74,46.15,23.53,41.2,0.0,0.36,0.0,0.0,0.0,0.0,0.0,2.91,43.75,0.73,0.0,0.36,0.0,0.18,0.18,5.65,51.61,0,,0,,0,0.0,0.0,0.0,,,0.73,,,0.0,0.0,0.0,0.0,0,0.0
104,I. Assenso,412735,https://cdn5.wyscout.com/photos/players/public/g412735_100x130.png,https://cdn5.wyscout.com/photos/team/public/g25837_120x120.png,000000,England,['England'],Farsley Celtic FC,0,15,1127,Farsley Celtic FC,"['RCB3', 'LCB3']",26.0,2025-06-30,1,0.85,0,0.0,21.8,61.54,right,191,70,False,10.7,7.11,64.04,4.79,61.67,0.16,0.22,0.64,5.99,8.18,1.6,4,0.32,1,0.08,0.88,0.08,1,0.08,0.07,0,0.0,2,0.16,50.0,50.0,0.0,0.0,0.0,0.0,0.0,0.0,0.0,0.0,1.12,71.43,5.19,55.38,0.24,1.04,0.0,7.03,0.24,1.52,21.64,66.42,12.86,56.52,2.08,92.31,4.63,81.03,17.17,73.49,4.47,39.29,20.16,28.44,0.0,0.0,0.08,0.0,0.0,0.0,0.0,4.71,47.46,0.16,50.0,0.08,0.0,0.0,0.0,6.31,56.96,0,,0,,0,0.0,0.0,0.0,,,1.6,,,0.0,0.0,0.0,0.0,0,0.0
105,K. Howkins,427315,https://cdn5.wyscout.com/photos/players/public/g427315_100x130.png,https://cdn5.wyscout.com/photos/team/public/g35055_120x120.png,000000,England,['England'],Hereford FC,0,28,2594,Hereford FC,"['RCB', 'RCB3']",28.0,2025-06-30,1,2.85,0,0.09,18.53,59.93,right,195,90,False,7.77,5.0,66.67,6.0,65.9,0.24,0.34,0.66,4.2,5.95,0.9,4,0.14,1,0.03,0.56,0.03,1,0.03,0.1,0,0.0,13,0.45,30.77,7.692,0.0,0.24,28.57,0.03,100.0,0.21,16.67,0.0,0.52,66.67,2.57,39.19,0.87,0.49,0.07,18.39,0.31,0.83,33.93,81.19,15.58,72.61,2.39,89.86,12.39,89.08,27.86,87.42,5.83,53.57,20.66,37.99,0.0,0.1,0.03,0.0,0.0,0.0,0.03,5.1,59.18,0.76,40.91,0.31,33.33,0.28,0.07,7.7,64.86,0,,0,,0,0.0,0.0,0.0,,,1.56,,,0.0,0.0,0.0,0.0,0,0.0
106,S. Walker,323730,https://cdn5.wyscout.com/photos/players/public/g323730_100x130.png,https://cdn5.wyscout.com/photos/team/public/g20251_120x120.png,000000,England,['England'],King's Lynn Town,0,14,893,King's Lynn Town,"['DMF', 'LCB3']",37.0,2025-06-30,1,0.15,1,1.12,19.65,60.51,left,176,74,False,13.81,7.46,71.62,6.35,57.14,0.5,0.63,0.91,7.96,9.92,0.4,4,0.4,0,0.0,0.3,0.1,1,0.1,0.01,0,0.0,2,0.2,50.0,50.0,0.1,0.2,50.0,0.2,50.0,0.0,0.0,0.0,0.3,33.33,1.61,56.25,0.0,0.3,0.0,10.38,0.1,1.21,29.53,68.26,15.32,48.68,3.33,93.94,6.75,86.57,21.57,80.84,7.76,33.77,18.92,30.61,0.11,0.6,0.0,0.0,0.0,0.0,0.1,6.85,47.06,0.81,25.0,0.6,16.67,0.1,0.1,6.25,59.68,0,,0,,0,0.0,0.0,0.0,,,0.71,,,3.73,0.2,50.0,1.11,0,0.0
107,K. Roberts,50447,https://cdn5.wyscout.com/photos/players/public/21722_100x130.png,https://cdn5.wyscout.com/photos/team/public/g16344_120x120.png,000000,England,['England'],Chester,0,34,3301,Chester,"['DMF', 'CB', 'LCB']",34.0,2025-06-30,0,2.31,0,0.32,15.46,53.44,right,173,89,False,8.94,6.19,63.88,4.55,47.9,0.68,0.99,0.38,4.31,6.25,0.87,8,0.22,0,0.0,0.6,0.0,0,0.0,0.06,0,0.0,17,0.46,23.53,0.0,0.0,0.57,33.33,0.14,20.0,0.44,37.5,0.05,0.27,90.0,1.55,45.61,0.41,0.41,0.03,16.79,0.19,0.55,32.74,78.1,13.93,64.77,2.73,89.0,12.08,90.29,26.5,85.8,5.67,46.63,20.68,35.69,0.01,0.19,0.03,0.0,0.05,100.0,0.05,5.75,58.29,1.09,30.0,0.35,23.08,0.25,0.25,6.79,62.25,0,,0,,0,0.0,0.0,0.0,,,0.82,,,0.0,0.0,0.0,0.05,0,0.0
108,E. Gumbs,358347,https://cdn5.wyscout.com/photos/players/public/g358347_100x130.png,https://cdn5.wyscout.com/photos/team/public/g4918_120x120.png,000000,England,['England'],Warrington Town,0,21,1505,Warrington Town,"['LB', 'RB', 'RCB']",26.0,2024-06-30,0,0.62,0,0.52,18.0,57.48,right,177,76,False,9.93,6.82,66.67,4.25,57.75,0.78,1.13,0.42,4.6,6.7,0.36,3,0.18,0,0.0,1.2,0.0,0,0.0,0.04,0,0.0,6,0.36,33.33,0.0,0.0,0.24,25.0,0.12,0.0,0.12,50.0,0.0,1.5,64.0,3.11,46.15,0.54,1.14,0.12,17.16,1.14,0.36,30.2,75.05,17.52,67.58,1.61,85.19,8.01,88.06,24.94,81.29,5.02,46.43,18.36,32.94,0.03,0.36,0.0,0.0,0.06,100.0,0.06,5.08,64.71,1.14,36.84,0.66,27.27,0.24,0.06,9.39,65.61,0,,0,,0,0.0,0.0,0.0,,,0.42,,,0.0,0.0,0.0,0.0,0,0.0
109,P. Downing,81654,https://cdn5.wyscout.com/photos/players/public/40646_100x130.png,https://cdn5.wyscout.com/photos/team/public/g35055_120x120.png,000000,England,['England'],Hereford FC,0,27,2594,Hereford FC,"['LCB', 'CB']",32.0,2024-06-30,1,1.01,0,0.0,16.69,66.11,right,185,79,False,9.26,5.17,77.18,7.63,63.18,0.24,0.35,0.52,5.03,7.3,0.21,5,0.17,0,0.0,0.45,0.03,1,0.03,0.04,0,0.0,12,0.42,41.67,8.333,0.0,0.14,25.0,0.1,0.0,0.03,100.0,0.03,0.35,60.0,1.04,53.33,0.56,1.14,0.03,21.48,0.1,0.49,42.12,81.22,21.16,71.97,2.85,93.9,14.61,92.16,32.68,87.26,9.3,60.82,23.64,41.36,0.0,0.0,0.03,0.03,0.07,50.0,0.0,7.77,66.07,0.94,37.04,0.59,47.06,0.28,0.03,10.76,70.32,0,,0,,0,0.0,0.0,0.0,,,2.05,,,0.0,0.0,0.0,0.0,0,0.0
110,M. Bostwick,36050,https://cdn5.wyscout.com/photos/players/public/61976_100x130.png,https://cdn5.wyscout.com/photos/team/public/g737_120x120.png,000000,England,['England'],Boston United,0,45,4436,Boston United,"['RCB', 'LCB', 'CB']",35.0,2025-06-30,0,2.55,0,0.47,16.7,64.16,right,193,89,False,9.78,5.17,71.76,6.07,60.54,1.18,1.8,0.53,4.89,7.49,0.65,10,0.2,0,0.0,0.2,0.0,0,0.0,0.05,0,0.0,23,0.47,17.39,0.0,0.0,0.2,10.0,0.02,100.0,0.18,0.0,0.02,0.22,45.45,0.91,46.67,0.41,0.53,0.02,18.97,0.24,0.57,40.25,76.16,21.02,62.93,2.17,91.59,14.93,92.53,30.33,85.82,9.78,47.3,25.61,41.33,0.01,0.04,0.0,0.0,0.0,0.0,0.04,7.99,53.55,0.83,24.39,0.47,39.13,0.16,0.02,10.81,65.85,0,,0,,0,0.0,0.0,0.0,,,1.48,,,0.06,0.06,33.33,0.0,0,0.0
111,J. Cullinane-Liburd,495730,https://cdn5.wyscout.com/photos/players/public/g495730_100x130.png,https://cdn5.wyscout.com/photos/team/public/2751_120x120.png,000000,England,['England'],Tamworth,0,39,3658,Tamworth,"['RCB', 'RB']",28.0,2026-06-30,5,4.39,1,3.52,19.31,60.13,right,190,0,False,7.11,3.69,74.0,10.06,63.33,0.27,0.4,0.49,4.11,6.01,0.84,8,0.2,2,0.05,0.76,0.12,5,0.12,0.11,4,0.1,30,0.74,36.67,16.667,0.02,1.08,27.27,0.25,20.0,0.81,30.3,0.15,0.32,61.54,1.57,42.19,1.18,0.25,0.0,7.5,0.39,0.57,20.96,66.43,12.2,57.86,1.65,89.55,5.39,78.54,14.17,77.78,5.71,45.69,24.74,39.1,0.09,0.62,0.05,0.02,0.0,0.0,0.15,4.38,51.12,1.3,28.3,0.12,40.0,0.32,0.42,6.27,61.18,0,,0,,0,0.0,0.0,0.0,,,0.64,,,0.0,0.0,0.0,0.0,0,0.0
112,K. Roberts,450794,https://cdn5.wyscout.com/photos/players/public/g450794_100x130.png,https://cdn5.wyscout.com/photos/team/public/g4931_120x120.png,000000,England,['England'],Rushall Olympic,0,7,563,Rushall Olympic,['RCB3'],26.0,2024-06-30,0,0.29,1,0.55,16.15,49.5,right,185,73,False,8.95,3.84,62.5,7.67,50.0,0.16,0.31,0.48,6.39,12.24,0.48,2,0.32,0,0.0,0.48,0.0,0,0.0,0.05,0,0.0,4,0.64,25.0,0.0,0.16,0.16,0.0,0.0,0.0,0.16,0.0,0.0,0.48,66.67,1.6,30.0,1.6,2.08,0.32,25.9,0.8,0.48,43.0,75.84,20.94,67.94,3.36,95.24,13.11,82.93,35.33,84.16,7.51,38.3,21.33,38.49,0.09,0.48,0.16,0.0,0.0,0.0,0.16,8.31,65.38,0.64,25.0,0.32,0.0,0.48,0.0,10.87,61.76,0,,0,,0,0.0,0.0,0.0,,,0.8,,,0.0,0.0,0.0,0.0,0,0.0
113,H. Mbayo,451100,https://cdn5.wyscout.com/photos/players/public/g451100_100x130.png,https://cdn5.wyscout.com/photos/team/public/g4813_120x120.png,000000,Congo DR,['Congo DR'],Gloucester City,0,10,845,Gloucester City,"['RCB', 'RCB3']",26.0,2024-06-30,0,0.29,0,0.0,16.4,65.58,,0,0,False,10.65,6.28,79.66,5.22,65.31,0.32,0.51,0.43,5.33,8.43,0.43,1,0.11,0,0.0,0.32,0.0,0,0.0,0.03,0,0.0,1,0.11,100.0,0.0,0.0,0.0,0.0,0.0,0.0,0.0,0.0,0.0,0.21,100.0,1.49,50.0,0.11,0.11,0.0,9.69,0.21,0.85,24.07,66.37,14.17,50.38,1.17,90.91,6.39,88.33,17.36,77.3,6.71,38.1,21.37,34.28,0.0,0.0,0.0,0.0,0.0,0.0,0.0,4.47,33.33,0.43,0.0,0.21,0.0,0.11,0.0,6.28,52.54,0,,0,,0,0.0,0.0,0.0,,,0.85,,,0.0,0.0,0.0,0.0,0,0.0
114,G. Dean,103690,https://cdn5.wyscout.com/photos/players/public/g103690_100x130.png,https://cdn5.wyscout.com/photos/team/public/g4922_120x120.png,FF0000,England,['England'],Brackley Town,0,42,3967,Brackley Town,"['CB', 'RCB']",34.0,,1,1.62,4,0.22,22.46,62.73,,185,0,False,9.1,4.97,74.89,11.09,61.55,0.29,0.43,0.7,5.08,7.45,0.93,11,0.25,0,0.0,0.16,0.02,1,0.02,0.04,0,0.0,12,0.27,41.67,8.333,0.09,0.07,0.0,0.02,0.0,0.05,0.0,0.02,0.2,22.22,1.36,36.67,1.02,0.07,0.0,8.46,0.18,0.7,23.55,74.86,11.91,61.9,1.66,90.41,8.01,90.37,19.13,81.85,4.36,45.31,22.24,36.64,0.0,0.05,0.02,0.0,0.0,0.0,0.0,3.18,45.0,0.25,18.18,0.07,0.0,0.18,0.02,5.2,52.84,0,,0,,0,0.0,0.0,0.0,,,1.13,,,0.0,0.0,0.0,0.0,0,0.0
115,D. Matthews,-359003,https://cdn5.wyscout.com/reports-img/photo-not-found.png,https://cdn5.wyscout.com/photos/team/public/g9100_120x120.png,000000,England,['England'],Curzon Ashton,0,44,4279,Curzon Ashton,"['LCB3', 'LCB']",24.0,,2,2.06,1,0.16,20.4,60.82,right,0,0,False,10.24,6.81,70.68,6.77,60.56,0.5,0.7,0.48,4.92,6.86,0.95,11,0.23,1,0.02,0.9,0.04,2,0.04,0.04,2,0.04,14,0.29,21.43,14.286,0.02,0.19,22.22,0.15,28.57,0.04,0.0,0.06,0.99,76.6,3.43,49.69,0.63,1.16,0.17,28.9,0.67,0.99,44.19,81.82,20.65,72.2,1.96,92.47,17.5,92.31,35.31,88.68,8.69,55.21,23.99,42.8,0.0,0.06,0.02,0.02,0.08,50.0,0.0,7.55,64.62,0.72,26.47,0.38,33.33,0.23,0.06,10.68,70.28,0,,0,,0,0.0,0.0,0.0,,,0.97,,,0.0,0.0,0.0,0.0,0,0.0
116,T. Duffus,-9395,https://cdn5.wyscout.com/photos/players/public/g-9395_100x130.png,https://cdn5.wyscout.com/photos/team/public/g4813_120x120.png,000000,England,"['England', 'Republic of Ireland']",Gloucester City,0,26,2498,Gloucester City,"['RCB', 'LCB']",27.0,2024-06-30,2,1.35,0,0.4,20.68,64.81,right,186,64,False,11.39,7.28,78.22,6.85,59.47,0.5,0.69,0.68,5.19,7.08,0.83,5,0.18,0,0.0,0.61,0.07,2,0.07,0.05,2,0.07,10,0.36,40.0,20.0,0.0,0.22,33.33,0.18,40.0,0.04,0.0,0.04,0.5,71.43,2.49,53.62,0.68,0.61,0.07,10.74,0.04,1.3,24.46,70.25,12.68,54.83,2.81,93.59,6.45,85.47,19.17,78.76,5.08,39.72,21.35,35.69,0.01,0.11,0.0,0.0,0.04,100.0,0.04,3.6,44.0,0.47,30.77,0.11,100.0,0.14,0.07,6.27,48.28,0,,0,,0,0.0,0.0,0.0,,,1.91,,,0.0,0.0,0.0,0.0,0,0.0
117,M. Poscha,338057,https://cdn5.wyscout.com/reports-img/photo-not-found.png,https://cdn5.wyscout.com/photos/team/public/g9100_120x120.png,000000,England,['England'],Curzon Ashton,0,39,3747,Curzon Ashton,"['RCB3', 'RCB']",27.0,2024-06-30,0,0.4,2,1.24,13.93,62.07,right,180,0,False,9.58,6.0,71.6,3.8,60.13,0.12,0.17,0.72,5.16,7.25,0.72,6,0.14,2,0.05,0.24,0.0,0,0.0,0.01,0,0.0,3,0.07,33.33,0.0,0.05,0.17,42.86,0.0,0.0,0.14,50.0,0.0,0.29,50.0,1.51,38.1,0.17,1.39,0.24,29.02,0.77,0.46,46.91,81.87,22.77,70.68,2.47,93.2,17.53,94.11,37.93,90.31,8.82,46.32,23.17,41.11,0.03,0.19,0.0,0.05,0.05,0.0,0.07,8.74,62.09,0.67,35.71,0.53,31.82,0.26,0.07,10.86,71.9,1,,2,,0,50.0,0.61,0.01,,,1.47,,,0.02,0.0,0.0,0.0,0,0.0
118,S. Hamilton,357027,https://cdn5.wyscout.com/reports-img/photo-not-found.png,https://cdn5.wyscout.com/photos/team/public/g4813_120x120.png,000000,England,['England'],Gloucester City,0,11,988,Gloucester City,"['RCB', 'CB']",28.0,,0,0.02,0,0.0,18.67,60.49,,0,0,False,9.84,4.74,76.92,8.02,56.82,0.36,0.52,0.55,5.83,8.35,0.73,2,0.18,0,0.0,0.36,0.0,0,0.0,0.0,0,0.0,1,0.09,0.0,0.0,0.0,0.18,50.0,0.0,0.0,0.18,50.0,0.0,0.36,75.0,1.73,52.63,0.18,0.46,0.0,12.94,0.27,1.37,26.51,69.42,15.85,58.62,1.64,94.44,7.01,89.61,18.49,78.33,7.83,48.84,24.83,37.87,0.0,0.0,0.0,0.0,0.0,0.0,0.0,5.47,43.33,0.91,30.0,0.27,66.67,0.46,0.09,7.01,66.23,0,,0,,0,0.0,0.0,0.0,,,1.46,,,0.0,0.0,0.0,0.09,0,0.0
119,G. Waring,394036,https://cdn5.wyscout.com/photos/players/public/g394036_100x130.png,https://cdn5.wyscout.com/photos/team/public/g9100_120x120.png,000000,England,['England'],Curzon Ashton,0,40,3646,Curzon Ashton,"['CB', 'CF']",29.0,2024-06-30,3,5.26,0,0.51,19.92,56.88,right,196,72,False,8.94,4.67,69.84,8.39,60.29,0.15,0.2,0.57,5.53,7.63,0.84,8,0.2,1,0.02,0.35,0.07,3,0.07,0.13,2,0.05,24,0.59,29.17,12.5,0.0,0.1,0.0,0.05,0.0,0.05,0.0,0.02,0.17,85.71,2.1,32.94,1.11,0.22,0.0,17.55,0.54,0.69,30.41,83.85,10.02,67.73,2.94,94.96,14.74,92.96,27.28,88.42,3.06,45.16,19.91,33.9,0.01,0.1,0.0,0.02,0.02,100.0,0.07,2.27,42.39,0.37,13.33,0.3,25.0,0.17,0.0,4.59,53.23,0,,0,,0,0.0,0.0,0.0,,,1.63,,,0.0,0.0,0.0,0.0,0,0.0
